Id_estacio;Nom_Est;Longitud_geo;Latitud_geo;alt_est;ET_mmy;Porc_datos;Celda_XY;Cant_Est;departamento;municipio;AH;ZSZH;vereda;SUBREGION;depto_region
26180160;ABEJORRAL [26180160];-75,43041855;5,78597487;2164;1034;96;(3-6);20;Antioquia;Abejorral;MagdalenaCauca;RioArma;;Oriente;Antioquia - Oriente
16050140;JURISDICCIONES [16050140];-73,23333124;7,850003294;3102;857;7;(8-11);5;NortedeSantander;Abrego;MagdalenaCauca;RioLebrijayotrosdirectosalMagdalena;BRISAS DEL PARAMO;;NortedeSantander - 
11110020;ABRIAQUI [11110020];-76,07500241;6,642496664;1872;1096;89;(5-5);18;Antioquia;Abriaqui;Caribe;DarienRioSucio;LAS JUNTAS;Occidente;Antioquia - Occidente
11150030;ACANDI [11150030];-77,27694647;8,530831613;163;1543;77;(10-2);2;Choco;Acandi;Caribe;DarienRioToloyotrosDirectosalCaribe;;;Choco - 
11155010;PLAYA LA [11155010];-77,28332956;8,533333081;97;1564;10;(10-2);2;Choco;Acandi;Caribe;DarienRioToloyotrosDirectosalCaribe;SIN DEFINIR;;Choco - 
25020030;GUACAMAYO [25020030];-74,51222224;8,727218878;21;1588;97;(10-8);14;Bolivar;Achi;MagdalenaCauca;CaucaSanJorgeLaMojana;GUACAMAYO;;Bolivar - 
25020350;GUARANDA [25020350];-74,54166688;8,492779313;23;1587;97;(9-8);16;Bolivar;Achi;MagdalenaCauca;CaucaSanJorgeLaMojana;BUENAVISTA;;Bolivar - 
25020800;BUENAVISTA [25020800];-74,52971999;8,573053879;16;1589;81;(10-8);14;Bolivar;Achi;MagdalenaCauca;DirectosBajoCaucaCgaLaRayaentreRioNechi;BUENAVISTA;;Bolivar - 
25025130;VICTORIA LA [25025130];-74,73333097;8,333333488;21;1588;1;(9-8);16;Bolivar;Achi;MagdalenaCauca;CaucaSanJorgeLaMojana;VILLA NUEVA;;Bolivar - 
23190710;BARRANCA LEBRIJA [23190710];-73,72444447;8,011837759;40;1582;72;(8-10);4;Cesar;Aguachica;MagdalenaCauca;RioLebrijayotrosdirectosalMagdalena;BADILLO;;Cesar - 
26160160;MARIA LA [26160160];-75,57749628;5,58749923;645;1402;99;(3-6);20;Caldas;Aguadas;MagdalenaCauca;RioFRioyOtrosDirectosalCauca;LA MARIA;;Caldas - 
26180130;PINTADA LA [26180130];-75,59999841;5,749999718;683;1391;2;(3-6);20;Caldas;Aguadas;MagdalenaCauca;DirectosRioCaucaentreRioSanJuanyPtoValdivia;LA PINTADA;SUROESTE;Caldas - Suroeste
26180190;AGUADAS [26180190];-75,45119801;5,600029825;2181;1031;96;(3-6);20;Caldas;Aguadas;MagdalenaCauca;RioTapiasyotrosdirectosalCauca;LA BLANQUITA;;Caldas - 
26180240;PAVAS LAS [26180240];-75,39288745;5,52219082;2767;917;50;(3-6);20;Caldas;Aguadas;MagdalenaCauca;RioArma;SANTA ROSA;;Caldas - 
26185010;PELADA LA [26185010];-75,34477656;5,578754297;2193;1028;49;(3-6);20;Caldas;Aguadas;MagdalenaCauca;RioArma;PUENTE PIEDRA;;Caldas - 
23120100;ALBANIA [23120100];-73,91666691;5,783330023;2106;1046;10;(3-9);15;Santander;Albania;MagdalenaCauca;RioCarare(Minero);HONDA;;Santander - 
23125060;ALBANIA [23125060];-73,91332917;5,75833334;1636;1149;84;(3-9);15;Santander;Albania;MagdalenaCauca;RioCarare(Minero);;;Santander - 
26120150;ALCALA [26120150];-75,78630448;4,676473577;1236;1245;93;(1-5);14;ValledelCauca;Alcala;MagdalenaCauca;RioLaVieja;;;ValledelCauca - 
23080680;ALEJANDRIA [23080680];-75,14999618;6,383336704;1742;1125;29;(5-7);20;Antioquia;Alejandria;MagdalenaCauca;RioNare;FATIMA;Oriente;Antioquia - Oriente
23080940;PRESA SAN LORENZO [23080940];-74,99677802;6,384586819;1246;1243;46;(5-7);20;Antioquia;Alejandria;MagdalenaCauca;RioNare;EL CERRO;Oriente;Antioquia - Oriente
23080950;VIENTO EL [23080950];-75,10000095;6,400002836;1493;1183;20;(5-7);20;Antioquia;Alejandria;MagdalenaCauca;RioNare;SAN LUIS;Nordeste;Antioquia - Nordeste
23085030;ALEJANDRIA [23085030];-75,14338572;6,376246955;1678;1140;63;(5-7);20;Antioquia;Alejandria;MagdalenaCauca;RioNare;SAN PEDRO;Oriente;Antioquia - Oriente
55015010;PIE DE PATO - AUT [55015010];-76,97316435;5,521080913;21;1588;92;(3-3);7;Choco;AltoBaudo(PieDePato);Pacifico;DirectosPacificoRioBaudo;EL CUETERO;;Choco - 
27010850;AMALFI [27010850];-75,07721806;6,905558454;1568;1165;96;(6-7);10;Antioquia;Amalfi;MagdalenaCauca;RioPorce;;Nordeste;Antioquia - Nordeste
27010890;CUEVA SANTA [27010890];-75,03836131;6,9590045;1512;1178;94;(6-7);10;Antioquia;Amalfi;MagdalenaCauca;RioPorce;SALAZAR;Nordeste;Antioquia - Nordeste
27010960;MONOS HACIENDA [27010960];-74,90214015;6,898610316;1079;1285;76;(6-7);10;Antioquia;Amalfi;MagdalenaCauca;RioPorce;MONOS;Nordeste;Antioquia - Nordeste
21250310;IDEMA [21250310];-74,78332994;4,783333667;231;1523;1;(1-8);10;Tolima;Ambalema;MagdalenaCauca;RioLagunillayOtrosDirectosalMagdalena;TAJO MEDIO;;Tolima - 
21250350;TRIUNFO EL HACIENDA [21250350];-74,79999685;4,866665748;231;1523;4;(1-8);10;Tolima;Ambalema;MagdalenaCauca;RioLagunillayOtrosDirectosalMagdalena;CHORRILLO;;Tolima - 
21250370;FLORIDA LA HACIENDA [21250370];-74,81666218;4,933333453;243;1519;27;(2-7);24;Tolima;Ambalema;MagdalenaCauca;RioLagunillayOtrosDirectosalMagdalena;SANTUARIO;;Tolima - 
21250430;CAMPAMENTO AMBALEM [21250430];-74,76666604;4,783331637;263;1513;59;(1-8);10;Tolima;Ambalema;MagdalenaCauca;RioLagunillayOtrosDirectosalMagdalena;;;Tolima - 
21250440;ALEGRIAS [21250440];-74,93333558;4,86666681;356;1485;4;(1-7);23;Tolima;Ambalema;MagdalenaCauca;RioLagunillayOtrosDirectosalMagdalena;ALTO DEL BLEDO;;Tolima - 
21250540;BOCATOMA C Norte [21250540];-74,80000271;4,783335268;238;1520;39;(1-8);10;Tolima;Ambalema;MagdalenaCauca;RioLagunillayOtrosDirectosalMagdalena;TAJO MEDIO;;Tolima - 
21250560;CHORRILLO [21250560];-74,81666355;4,83333253;273;1510;37;(1-7);23;Tolima;Ambalema;MagdalenaCauca;RioLagunillayOtrosDirectosalMagdalena;CHORRILLO;;Tolima - 
21250580;BOQUERON [21250580];-74,83332907;4,799999485;286;1506;34;(1-7);23;Tolima;Ambalema;MagdalenaCauca;RioLagunillayOtrosDirectosalMagdalena;TAJO MEDIO;;Tolima - 
21250590;BOCATOMA C CENTRAL [21250590];-74,78332994;4,783333667;231;1523;39;(1-8);10;Tolima;Ambalema;MagdalenaCauca;RioLagunillayOtrosDirectosalMagdalena;TAJO MEDIO;;Tolima - 
21250600;GAMBA [21250600];-74,76667065;4,816666241;234;1522;35;(1-8);10;Tolima;Ambalema;MagdalenaCauca;RioLagunillayOtrosDirectosalMagdalena;GAMBA;;Tolima - 
21250610;ALSACIA [21250610];-74,78333235;4,850002268;225;1524;36;(1-8);10;Tolima;Ambalema;MagdalenaCauca;RioLagunillayOtrosDirectosalMagdalena;CHORRILLO;;Tolima - 
21250640;PIEDRAS NEGRAS [21250640];-74,80000432;4,766663722;240;1520;2;(1-8);10;Tolima;Ambalema;MagdalenaCauca;RioLagunillayOtrosDirectosalMagdalena;TAJO MEDIO;;Tolima - 
21255080;SALTO EL [21255080];-74,76794758;4,783753492;276;1509;89;(1-8);10;Tolima;Ambalema;MagdalenaCauca;RioCoello;;;Tolima - 
26190100;SANTA BARBARA [26190100];-75,90008029;5,563975953;1576;1163;96;(3-5);11;Antioquia;Andes;MagdalenaCauca;RioSanJuan;LAS FLORES;SUROESTE;Antioquia - Suroeste
26190120;CAMPAMENTO [26190120];-75,87558656;5,681329365;1207;1252;34;(3-5);11;Antioquia;Andes;MagdalenaCauca;RioSanJuan;LA PRADERA;SUROESTE;Antioquia - Suroeste
26195020;ITA ANDES [26195020];-75,88021845;5,690995825;1210;1252;95;(3-5);11;Antioquia;Andes;MagdalenaCauca;RioSanJuan;LA PRADERA;SUROESTE;Antioquia - Suroeste
27020040;ANGOSTURA [27020040];-75,33247188;6,883055998;1686;1138;6;(6-6);14;Antioquia;Angostura;MagdalenaCauca;AltoNechi;LOS PINOS;Norte;Antioquia - Norte
27020210;ANGOSTURA [27020210];-75,33247188;6,883055998;1686;1138;98;(6-6);14;Antioquia;Angostura;MagdalenaCauca;AltoNechi;LOS PINOS;Norte;Antioquia - Norte
27020160;TENCHE LA RISARALD [27020160];-75,03333042;7,349996849;531;1434;20;(7-7);8;Antioquia;Anori;MagdalenaCauca;AltoNechi;PROVIDENCIA;Nordeste;Antioquia - Nordeste
27020170;CARMEN EL HACIENDA [27020170];-75,07977636;7,147196396;876;1338;92;(6-7);10;Antioquia;Anori;MagdalenaCauca;AltoNechi;EL CARMEN;Nordeste;Antioquia - Nordeste
27020180;ANORI [27020180];-75,15052916;7,0719206;1576;1163;34;(6-7);10;Antioquia;Anori;MagdalenaCauca;AltoNechi;;Nordeste;Antioquia - Nordeste
27025010;MONTEFRIO [27025010];-75,1999987;6,949996954;1803;1112;4;(6-7);10;Antioquia;Anori;MagdalenaCauca;AltoNechi;MEDIAS FALDAS;Nordeste;Antioquia - Nordeste
27025020;CHARCON LIBERIA [27025020];-74,99999835;7,383329463;97;1564;16;(7-7);8;Antioquia;Anori;MagdalenaCauca;AltoNechi;LEVERIA;Nordeste;Antioquia - Nordeste
27025030;ANORI [27025030];-75,15052916;7,0719206;1576;1163;85;(6-7);10;Antioquia;Anori;MagdalenaCauca;AltoNechi;;Nordeste;Antioquia - Nordeste
26145020;BELLAVISTA [26145020];-75,80013735;5,275947527;1990;1071;78;(2-5);17;Caldas;Anserma;MagdalenaCauca;RioRisaralda;BELLAVISTA;;Caldas - 
26110150;INMACULADA LA [26110150];-75,99000344;4,790000872;943;1320;91;(1-5);14;ValledelCauca;Ansermanuevo;MagdalenaCauca;RiosPescadorRUTChancoCatarinayCañaveral;;;ValledelCauca - 
26115090;LAS BRISAS - AUT [26115090];-76,14427657;4,775581572;1948;1080;83;(1-5);14;ValledelCauca;Ansermanuevo;Pacifico;RioSipi;ALTO TIGRE;;ValledelCauca - 
26205040;IGUINA HACIENDA [26205040];-75,86666668;6,3666672;778;1365;2;(5-5);18;Antioquia;Anza;MagdalenaCauca;DirectosRioCaucaentreRioSanJuanyPtoValdia;HIGUINA;Occidente;Antioquia - Occidente
26205060;NOQUE LA [26205060];-75,83333097;6,399997147;486;1447;11;(5-5);18;Antioquia;Anza;MagdalenaCauca;DirectosRioCaucaentreRioSanJuanyPtoValdia;LA NOQUE;Occidente;Antioquia - Occidente
26210090;ANZA [26210090];-75,85925162;6,30313872;756;1371;98;(5-5);18;Antioquia;Anza;MagdalenaCauca;DirectosRioCaucaentreRioSanJuanyPtoValdia;VENDIAGUAL;Occidente;Antioquia - Occidente
21240070;ANZOATEGUI [21240070];-75,09000288;4,637503524;1930;1084;86;(1-7);23;Tolima;Anzoategui;MagdalenaCauca;RioTotare(1-7);;;Tolima - 
12010060;LORENA LA [12010060];-76,68916298;7,863058278;10;1591;81;(8-3);18;Antioquia;Apartado;Caribe;LitoralRioLeon;VEREDA CHURIDO;URABA;Antioquia - Urabá
12010070;CASCO EL [12010070];-76,64777827;7,88444551;25;1587;83;(8-3);18;Antioquia;Apartado;Caribe;LitoralRioLeon;VEREDA EL SALVADOR;URABA;Antioquia - Urabá
12010160;SAN JOSE APARTADO [12010160];-76,59999766;7,866669131;38;1582;24;(8-4);15;Antioquia;Apartado;Caribe;LitoralRioLeon;VEREDA SALSIPUEDES;URABA;Antioquia - Urabá
12015020;UNIBAN [12015020];-76,65133325;7,825917883;33;1584;83;(8-3);18;Antioquia;Apartado;Caribe;LitoralRioLeon;VEREDA ZUNGO CARRETERA;URABA;Antioquia - Urabá
12030020;CARMELO EL [12030020];-76,38000435;8,620001092;38;1582;90;(10-4);5;Antioquia;Arboletes;Caribe;LitoralRioSanJuan;EL CARMELO;URABA;Antioquia - Urabá
12045010;ARBOLETES [12045010];-76,43194048;8,84694323;15;1590;84;(10-4);5;Antioquia;Arboletes;Caribe;LitoralRioCanaleteyotrosArroyosDirectosalCaribe;;URABA;Antioquia - Urabá
25020970;ARENAL [25020970];-73,94110848;8,459442789;41;1582;86;(9-9);3;Bolivar;Arenal;MagdalenaCauca;DirectosalMagdalena(BrazoMorales);;;Bolivar - 
25021110;DIAMANTE EL [25021110];-74,08332898;8,366664284;690;1389;30;(9-9);3;Bolivar;Arenal;MagdalenaCauca;DirectosalMagdalena(BrazoMorales);MUELA;;Bolivar - 
23055070;ARGELIA [23055070];-75,13999964;5,729997421;1716;1131;52;(3-7);5;Antioquia;Argelia;MagdalenaCauca;RioLaMiel(Samana);;Oriente;Antioquia - Oriente
54035020;ARGELIA EL RECREO [54035020];-76,11666588;4,73333311;1619;1153;41;(1-5);14;ValledelCauca;Argelia;Pacifico;RioSipi;LAS BRISAS;;ValledelCauca - 
26200140;ARMENIA [26200140];-75,77152874;6,15796888;1625;1152;86;(4-5);12;Antioquia;Armenia;MagdalenaCauca;DirectosRioCaucaentreRioSanJuanyPtoValdivia;LA HORCONA;Occidente;Antioquia - Occidente
21250060;IDEMA-ARMERO [21250060];-74,91666842;4,966664442;370;1481;21;(2-7);24;Tolima;Armero(Guayabal);MagdalenaCauca;RioLagunillayOtrosDirectosalMagdalena;ARMERO;;Tolima - 
21250150;PUENTE KM 85 EL [21250150];-74,83332931;4,933332876;251;1516;4;(2-7);24;Tolima;Armero(Guayabal);MagdalenaCauca;RioLagunillayOtrosDirectosalMagdalena;SIN DEFINIR;;Tolima - 
21250360;PUENTE EL KM 89 [21250360];-74,86666311;4,933330467;264;1513;4;(2-7);24;Tolima;Armero(Guayabal);MagdalenaCauca;RioLagunillayOtrosDirectosalMagdalena;SIN DEFINIR;;Tolima - 
21250450;POTOSI HACIENDA [21250450];-74,8824717;5,053028902;292;1504;95;(2-7);24;Tolima;Armero(Guayabal);MagdalenaCauca;RioLagunillayOtrosDirectosalMagdalena;LA JOYA;;Tolima - 
21250510;ARMERO GJA-C UNIVE [21250510];-74,91666842;4,966664442;370;1481;22;(2-7);24;Tolima;Armero(Guayabal);MagdalenaCauca;RioLagunillayOtrosDirectosalMagdalena;ARMERO;;Tolima - 
21255090;ARMERO GRANJA [21255090];-74,89998878;4,99999946;284;1506;66;(2-7);24;Tolima;Armero(Guayabal);MagdalenaCauca;RioLagunillayOtrosDirectosalMagdalena;ARMERO;;Tolima - 
25020480;PAJAROS LOS [25020480];-74,86777779;8,340555865;20;1588;94;(9-7);4;Cordoba;Ayapel;MagdalenaCauca;CaucaSanJorgeLaMojana;CAÑO MUÑOZ;;Cordoba - 
25020780;CECILIA [25020780];-75,03416699;8,461390225;20;1588;84;(9-7);4;Cordoba;Ayapel;MagdalenaCauca;CaucaSanJorgeLaMojana;CECILIA;;Cordoba - 
25025030;AYAPEL - AUT [25025030];-75,16455616;8,295062422;33;1584;90;(9-7);4;Cordoba;Ayapel;MagdalenaCauca;CaucaSanJorgeLaMojana;SAN JORGE ABAJO;;Cordoba - 
56010030;CUPICA [56010030];-77,49061554;6,706556434;9;1592;43;(6-2);2;Choco;BahiaSolano(Mutis);Pacifico;DirectosDirectosPacificoFronteraPanama;SIN DEFINIR;;Choco - 
56015010;PANAMERICANA [56015010];-77,40444814;6,223333313;7;1592;87;(4-2);1;Choco;BahiaSolano(Mutis);Pacifico;DirectosPacificoFronteraPanama;MUTIS;;Choco - 
24040050;SANTA ISABEL [24040050];-73,20278126;6,644444921;1339;1220;92;(5-11);13;Santander;Barichara;MagdalenaCauca;RioSuarez;EL CAUCHO;;Santander - 
23130010;CHUCURI [23130010];-74,03139103;6,87777998;83;1568;99;(6-9);4;Santander;Barrancabermeja;MagdalenaCauca;RioOpon;SAN RAFAEL DEL CHUCURI;;Santander - 
23155030;AEROPUERTO YARIGUIES [23155030];-73,80861059;7,026390041;123;1556;97;(6-10);5;Santander;Barrancabermeja;MagdalenaCauca;RioOpon;CAMPO 45;;Santander - 
23155040;CENTRO EL [23155040];-73,76508439;6,859557634;105;1561;86;(6-10);5;Santander;Barrancabermeja;MagdalenaCauca;RioOpon;CAMPO 23;;Santander - 
25027630;RIO NUEVO [25027630];-74,2544476;8,809724064;17;1589;87;(10-9);3;Bolivar;BarrancoDeLoba;MagdalenaCauca;DirectosBajoMagdalenaentreElBancoyElPlato;LOS CERRITOS;;Bolivar - 
26140090;TAPARCAL [26140090];-75,86277401;5,167058387;1603;1157;96;(2-5);17;Risaralda;BelenDeUmbria;MagdalenaCauca;RioRisaralda;TAPARCAL;;Risaralda - 
27010800;MESETA LA SN PEDRO [27010800];-75,60722239;6,399721648;2548;958;95;(5-6);14;Antioquia;Bello;MagdalenaCauca;RioPorce;LA CHINA;Valle de Aburra;Antioquia - Valle de Aburra
27015090;TULIO OSPINA [27015090];-75,55325389;6,319690706;1435;1197;96;(5-6);14;Antioquia;Bello;MagdalenaCauca;RioPorce;;Valle de Aburra;Antioquia - Valle de Aburra
26230220;OCULTA LA [26230220];-75,63858186;6,77939108;2679;933;71;(6-6);14;Antioquia;Belmira;MagdalenaCauca;RioPorce;QUEBRADITAS;Norte;Antioquia - Norte
27010870;BELMIRA [27010870];-75,668333;6,609166191;2503;966;96;(5-6);14;Antioquia;Belmira;MagdalenaCauca;RioPorce;;Norte;Antioquia - Norte
26190080;BETANIA-VOLGA [26190080];-75,9833336;5,699997253;1824;1107;2;(3-5);11;Antioquia;Betania;MagdalenaCauca;RioSanJuan;TAPARTO;SUROESTE;Antioquia - Suroeste
26190090;BETANIA-LAS GUACAS [26190090];-75,9755251;5,754997715;1582;1162;98;(3-5);11;Antioquia;Betania;MagdalenaCauca;RioSanJuan;TRAVIESAS;SUROESTE;Antioquia - Suroeste
26210140;ALTAMIRA [26210140];-75,94549639;6,21853172;1828;1106;88;(4-5);12;Antioquia;Betulia;MagdalenaCauca;DirectosRioCaucaentreRioSanJuanyPtoValdia;LA  ASOMADERA;SUROESTE;Antioquia - Suroeste
11080010;BELLAVISTA [11080010];-76,88542106;6,559163957;17;1589;99;(5-3);4;Choco;Bojaya(Bellavista);Caribe;DarienDirectosAtratoentreRiosQuitoyBojaya(mi);SIN DEFINIR;;Choco - 
11085010;LOMA LA [11085010];-76,98333527;6,533332082;49;1579;47;(5-3);4;Choco;Bojaya(Bellavista);Caribe;DarienRioBojaya;SIN DEFINIR;;Choco - 
11090010;OPOGADO [11090010];-76,97272424;6,812529297;8;1592;84;(6-3);4;Choco;Bojaya(Bellavista);Caribe;DarienRioNapipiRioOpogado;SIN DEFINIR;;Choco - 
24010640;BOLIVAR [24010640];-73,77083115;5,986112519;2148;1038;87;(4-10);8;Santander;Bolivar;MagdalenaCauca;RioSuarez;;;Santander - 
26230160;BRICENO [26230160];-75,51166452;7,105273436;1377;1211;97;(6-6);14;Antioquia;Briceño;MagdalenaCauca;DirectosRioCaucaentreRioSanJuanyPtoValdivia;SAN FRANCISCO;Norte;Antioquia - Norte
23190590;FLORESTA LA [23190590];-73,12389302;7,090282123;829;1351;82;(6-11);27;Santander;Bucaramanga;MagdalenaCauca;RioLebrijayotrosdirectosalMagdalena;;;Santander - 
23190800;HIMAT R-11 [23190800];-73,13333119;7,116667916;927;1325;9;(6-11);27;Santander;Bucaramanga;MagdalenaCauca;RioLebrijayotrosdirectosalMagdalena;;;Santander - 
23190830;BUCARAMANGA IDEAM [23190830];-73,11833138;7,128336824;1007;1304;47;(6-11);27;Santander;Bucaramanga;MagdalenaCauca;RioLebrijayotrosdirectosalMagdalena;;;Santander - 
23195030;AEROPUERTO GOMEZ NINO [23195030];-73,133336;7,133337119;933;1323;9;(6-11);27;Santander;Bucaramanga;MagdalenaCauca;RioLebrijayotrosdirectosalMagdalena;;;Santander - 
23195040;UNIVERSIDAD INDUSTRIAL SANTANDER [23195040];-73,12222242;7,144724479;894;1333;62;(6-11);27;Santander;Bucaramanga;MagdalenaCauca;RioLebrijayotrosdirectosalMagdalena;;;Santander - 
23195050;VIVERO CHIMITA [23195050];-73,15000095;7,116662816;829;1351;3;(6-11);27;Santander;Bucaramanga;MagdalenaCauca;RioLebrijayotrosdirectosalMagdalena;;;Santander - 
23125100;BUENAVISTA [23125100];-73,94311134;5,514916078;2183;1030;96;(3-9);15;Boyaca;Buenavista;MagdalenaCauca;RioCarare(Minero);;;Boyaca - 
25020520;BUENAVISTA - AUT [25020520];-75,46750378;8,222221799;54;1577;88;(9-6);6;Cordoba;Buenavista;MagdalenaCauca;CaucaSanJorgeLaMojana;COSTA RICA;;Cordoba - 
26225040;PIUNTI HACIENDA [26225040];-75,91296789;6,729503031;1615;1154;77;(6-5);8;Antioquia;Buritica;MagdalenaCauca;DirectosRioCaucaentreRioSanJuanyPtoValdia;LOS ARADOS;Occidente;Antioquia - Occidente
24040060;REMOLINO [24040060];-73,27611551;6,606111459;657;1398;80;(5-11);13;Santander;Cabrera;MagdalenaCauca;RioSuarez;LAS VUELTAS;;Santander - 
26240050;UNION LA HACIENDA [26240050];-75,35000406;7,716665466;96;1564;14;(8-6);10;Antioquia;Caceres;MagdalenaCauca;RioTarazaRioMan;NICARAGUA;Bajo Cauca;Antioquia - Bajo Cauca
26240060;MANIZALES [26240060];-75,41500213;7,836663388;97;1564;99;(8-6);10;Antioquia;Caceres;MagdalenaCauca;CaucaSanJorgeLaMojana;MANIZALES;Bajo Cauca;Antioquia - Bajo Cauca
26240090;PUERTO BELGICA [26240090];-75,28444269;7,668309801;87;1567;77;(8-6);10;Antioquia;Caceres;MagdalenaCauca;RioTarazaRioMan;PUERTO BELGICA;Bajo Cauca;Antioquia - Bajo Cauca
26240100;GUARUMO-LA LUCHA [26240100];-75,21491595;7,862920039;64;1574;94;(8-7);11;Antioquia;Caceres;MagdalenaCauca;RioTarazaRioMan;GUARUMO;Bajo Cauca;Antioquia - Bajo Cauca
26245020;MARY LAND [26245020];-75,4166641;7,500002528;508;1440;4;(7-6);13;Antioquia;Caceres;MagdalenaCauca;RioTarazaRioMan;CURUMANA;Bajo Cauca;Antioquia - Bajo Cauca
26250010;CACERES [26250010];-75,34783725;7,579058906;92;1565;0;(7-6);13;Antioquia;Caceres;MagdalenaCauca;DirectosalCaucaentrePtoValdiviayRioNechi;;Bajo Cauca;Antioquia - Bajo Cauca
26250020;TRINIDAD LA HACIENDA [26250020];-75,23333626;7,683335758;108;1560;14;(8-7);11;Antioquia;Caceres;MagdalenaCauca;DirectosalCaucaentrePtoValdiviayRioNechi;PONCIANO ABAJO;Bajo Cauca;Antioquia - Bajo Cauca
26250030;CACERES [26250030];-75,34783725;7,579058906;92;1565;97;(7-6);13;Antioquia;Caceres;MagdalenaCauca;DirectosalCaucaentrePtoValdiviayRioNechi;;Bajo Cauca;Antioquia - Bajo Cauca
26250090;PIAMONTE [26250090];-75,19999793;7,783331542;100;1563;17;(8-7);11;Antioquia;Caceres;MagdalenaCauca;DirectosalCaucaentrePtoValdiviayRioNechi;PIAMONTE;Bajo Cauca;Antioquia - Bajo Cauca
26250100;SANTA CRUZ HACIENDA [26250100];-75,25000371;7,500001043;160;1544;1;(7-7);8;Antioquia;Caceres;MagdalenaCauca;DirectosalCaucaentrePtoValdiviayRioNechi;BEJUQUILLO;Bajo Cauca;Antioquia - Bajo Cauca
23190540;VEGA LA [23190540];-73,18055827;7,650837406;699;1386;82;(8-11);5;NortedeSantander;Cachira;MagdalenaCauca;RioLebrijayotrosdirectosalMagdalena;LAS CUADRAS;;NortedeSantander - 
26210070;CAICEDO [26210070];-75,98127628;6,405973833;1776;1118;94;(5-5);18;Antioquia;Caicedo;MagdalenaCauca;DirectosRioCaucaentreRioSanJuanyPtoValdia;BELLA AGUADA;Occidente;Antioquia - Occidente
25020980;CAIMITO [25020980];-75,12444783;8,790831606;26;1586;91;(10-7);9;Sucre;Caimito;MagdalenaCauca;CaucaSanJorgeLaMojana;CORREGIMIENTO LA MEJIA;;Sucre - 
27010790;MESETA LA-SENA [27010790];-75,61667011;6,033330687;1961;1077;26;(4-6);19;Antioquia;Caldas;MagdalenaCauca;RioPorce;EL 60;Valle de Aburra;Antioquia - Valle de Aburra
27015160;CLARA LA [27015160];-75,59999593;6,066662513;2481;971;5;(4-6);19;Antioquia;Caldas;MagdalenaCauca;RioPorce;PRIMAVERA;Valle de Aburra;Antioquia - Valle de Aburra
27015260;SALADA LA [27015260];-75,62466255;6,048362846;1894;1092;71;(4-6);19;Antioquia;Caldas;MagdalenaCauca;RioPorce;SALADA PARTE ALTA;Valle de Aburra;Antioquia - Valle de Aburra
12040020;CANALETE [12040020];-76,23555889;8,786948342;54;1577;95;(10-4);5;Cordoba;Canalete;Caribe;LitoralRioCanaleteyotrosArroyosDirectosalCaribe;SIN DEFINIR;;Cordoba - 
23170030;YANACUE [23170030];-73,99999754;7,299999676;63;1575;32;(7-9);5;Bolivar;Cantagallo;MagdalenaCauca;RioCimitarrayotrosdirectosalMagdalena;SIN DEFINIR;;Bolivar - 
23170050;SANTO DOMINGO [23170050];-74,21667101;7,116662821;243;1519;21;(6-9);4;Bolivar;Cantagallo;MagdalenaCauca;RioCimitarrayotrosdirectosalMagdalena;SANTO DOMINGO;;Bolivar - 
23170060;MONTERRUBIO FINCA [23170060];-74,04999753;7,333336569;188;1536;23;(7-9);5;Bolivar;Cantagallo;MagdalenaCauca;RioCimitarrayotrosdirectosalMagdalena;SIN DEFINIR;;Bolivar - 
11110040;CANASGORDAS [11110040];-76,03333228;6,749999257;1330;1222;6;(6-5);8;Antioquia;Cañasgordas;Caribe;DarienRioSucio;MEDIA CUESTA;Occidente;Antioquia - Occidente
11115020;CANASGORDAS - AUT [11115020];-76,02966672;6,758029112;1263;1239;89;(6-5);8;Antioquia;Cañasgordas;Caribe;AtratoDarienRioSucio;;Occidente;Antioquia - Occidente
23060110;CAPARRAPI [23060110];-74,49477514;5,352195985;1139;1270;92;(2-8);12;Cundinamarca;Caparrapi;MagdalenaCauca;RioNegro;SUZNE;;Cundinamarca - 
23060160;SAN PABLO [23060160];-74,46241894;5,485087115;1138;1270;87;(3-8);10;Cundinamarca;Caparrapi;MagdalenaCauca;RioNegro;SAN PEDRO;;Cundinamarca - 
26170170;PRADERA LA [26170170];-75,66666752;5,533337608;2339;999;33;(3-6);20;Antioquia;Caramanta;MagdalenaCauca;RioFRioyOtrosDirectosalCauca;LA CASCADA;SUROESTE;Antioquia - Suroeste
26170180;CARAMANTA [26170180];-75,64130633;5,54783477;2112;1045;90;(3-6);20;Antioquia;Caramanta;MagdalenaCauca;RioFRioyOtrosDirectosalCauca;PELADEROS;SUROESTE;Antioquia - Suroeste
12010050;TOSCANA LA [12010050];-76,70305849;7,808054842;17;1589;76;(8-3);18;Antioquia;Carepa;Caribe;LitoralRioLeon;ZARABANA;URABA;Antioquia - Urabá
12010080;SANTA ISABEL [12010080];-76,66666573;7,750003075;34;1584;31;(8-3);18;Antioquia;Carepa;Caribe;LitoralRioLeon;LA CADENA;URABA;Antioquia - Urabá
12010090;TRIGANA [12010090];-76,71189024;7,74766922;21;1588;83;(8-3);18;Antioquia;Carepa;Caribe;LitoralRioLeon;EL ENCANTO;URABA;Antioquia - Urabá
12015060;TULENAPA - AUT [12015060];-76,66575065;7,773943956;31;1585;58;(8-3);18;Antioquia;Carepa;Caribe;LitoralRioLeon;CASA VERDE;URABA;Antioquia - Urabá
12015070;AEROPUERTO LOS CEDROS [12015070];-76,7178927;7,816386353;15;1590;72;(8-3);18;Antioquia;Carepa;Caribe;LitoralRioLeon;ZARABANA;URABA;Antioquia - Urabá
24010610;CARMEN DE CARUPA [24010610];-73,90446863;5,351279566;2966;881;71;(2-9);6;Cundinamarca;CarmenDeCarupa;MagdalenaCauca;RioSuarez;;;Cundinamarca - 
24015380;CARMEN DE CARUPA - AUT [24015380];-73,89833248;5,34722557;2957;882;17;(2-10);1;Cundinamarca;CarmenDeCarupa;MagdalenaCauca;RioSuarez;;;Cundinamarca - 
11100010;VIGIA DE CURVARADO [11100010];-76,91667002;7,08333246;5;1593;45;(6-3);4;Choco;CarmenDelDarien(Curbarado);Caribe;DarienRioMurindoDirectosalAtrato;SIN DEFINIR;;Choco - 
11100020;DOMINGODO [11100020];-77,0300006;7,179997419;4;1593;85;(7-3);4;Choco;CarmenDelDarien(Curbarado);Caribe;DarienRioSucio;LAS MERCEDES;;Choco - 
23080650;CAMPOALEGRE [23080650];-75,33561272;6,073781912;2181;1031;92;(4-6);19;Antioquia;CarmenDeViboral;MagdalenaCauca;RioNare;;Oriente;Antioquia - Oriente
23080790;LINDA LA [23080790];-75,28333419;5,950000444;2603;947;37;(4-6);19;Antioquia;CarmenDeViboral;MagdalenaCauca;RioNare;LA LINDA;Oriente;Antioquia - Oriente
26100830;PALMASOLA [26100830];-75,96166796;4,688416149;906;1330;77;(1-5);14;ValledelCauca;Cartago;MagdalenaCauca;RiosLasCaiÃ‚Â±asLosMicosyObando;ZARAGOZA;;ValledelCauca - 
25020370;MONEDA LA HACIENDA [25020370];-74,94222089;8,036670111;42;1581;83;(8-7);11;Antioquia;Caucasia;MagdalenaCauca;DirectosalCaucaentrePtoValdiviayRioNechi;MARGENTO;Bajo Cauca;Antioquia - Bajo Cauca
25020530;LA ILUSION [25020530];-75,08975306;8,025501421;53;1578;94;(8-7);11;Antioquia;Caucasia;MagdalenaCauca;CaucaSanJorgeLaMojana;LA ILUSION;Bajo Cauca;Antioquia - Bajo Cauca
25021390;CAUCASIA [25021390];-75,20000137;7,999996063;44;1581;65;(8-7);11;Antioquia;Caucasia;MagdalenaCauca;CaucaSanJorgeLaMojana;CAMPO ALEGRE;Bajo Cauca;Antioquia - Bajo Cauca
26240160;COQUERA LA [26240160];-75,19999603;7,960000106;46;1580;77;(8-7);11;Antioquia;Caucasia;MagdalenaCauca;DirectosalCaucaentrePtoValdiviayRioNechi;;Bajo Cauca;Antioquia - Bajo Cauca
26245040;JHB CAUCASIA [26245040];-75,1469428;8,005637946;52;1578;12;(8-7);11;Antioquia;Caucasia;MagdalenaCauca;DirectosalCaucaentrePtoValdiviayRioNechi;LAS MALVINAS;Bajo Cauca;Antioquia - Bajo Cauca
26255040;CACAOTERAS DEL DIQ [26255040];-75,11666286;7,98333111;55;1577;70;(8-7);11;Antioquia;Caucasia;MagdalenaCauca;DirectosalCaucaentrePtoValdiviayRioNechi;LAS MALVINAS;Bajo Cauca;Antioquia - Bajo Cauca
27040030;ESMERALDA LA [27040030];-74,85305611;7,751108471;49;1579;94;(8-7);11;Antioquia;Caucasia;MagdalenaCauca;DirectosalBajoNechi(mi);LA ESCUELA;Bajo Cauca;Antioquia - Bajo Cauca
27045020;CASERI [27045020];-74,93596985;7,811724985;60;1576;56;(8-7);11;Antioquia;Caucasia;MagdalenaCauca;DirectosalBajoNechi(mi);CACERI;Bajo Cauca;Antioquia - Bajo Cauca
13070040;RABOLARGO [13070040];-75,7424678;8,950614241;9;1592;97;(10-5);28;Cordoba;Cerete;Caribe;BajoSinu;CORREGIMIENTO DE RABOLARGO;;Cordoba - 
13070050;CERETE [13070050];-75,78625272;8,890334821;14;1590;91;(10-5);28;Cordoba;Cerete;Caribe;BajoSinu;;;Cordoba - 
13070140;COROZA 1 [13070140];-75,75000069;8,833334472;9;1592;54;(10-5);28;Cordoba;Cerete;Caribe;BajoSinu;CORREGIMIENTO MARTINEZ;;Cordoba - 
13075030;TURIPANA [13075030];-75,80189057;8,839530152;12;1591;90;(10-5);28;Cordoba;Cerete;Caribe;BajoSinu;CORREGIMIENTO MATEO GOMEZ;;Cordoba - 
11010010;VUELTA LA [11010010];-76,54471848;5,458947519;75;1571;78;(3-4);5;Choco;Certegui;Caribe;DarienRioAndagueda;SIN DEFINIR;;Choco - 
11030010;CERTEGUI [11030010];-76,61311036;5,375026722;51;1578;94;(3-3);7;Choco;Certegui;Caribe;DarienRioQuito;CERTEGUI;;Choco - 
21230120;BELLEZA LA [21230120];-74,58111261;4,98538545;1360;1215;66;(2-8);12;Cundinamarca;Chaguani;MagdalenaCauca;RioSecoyotrosDirectosalMagdalena;LLANADAS;;Cundinamarca - 
12010030;BARRANQUILLITA [12010030];-76,69999699;7,569997433;18;1589;88;(7-3);4;Antioquia;Chigorodo;Caribe;LitoralRioLeon;EL VENADO;URABA;Antioquia - Urabá
12010040;TULENAPA [12010040];-76,6666629;7,66667108;31;1585;15;(8-3);18;Antioquia;Chigorodo;Caribe;LitoralRioLeon;LA RIVERA;URABA;Antioquia - Urabá
12010130;CHIGORODO [12010130];-76,70000317;7,69999881;27;1586;3;(8-3);18;Antioquia;Chigorodo;Caribe;LitoralRioLeon;CHIRIDO;URABA;Antioquia - Urabá
12015030;IDEMA-MONTECRISANTO [12015030];-76,68333057;7,650001551;39;1582;14;(8-3);18;Antioquia;Chigorodo;Caribe;LitoralRioLeon;CHAMPITAS;URABA;Antioquia - Urabá
12015080;CERRAZON LA [12015080];-76,61667011;7,716670201;65;1574;12;(8-4);15;Antioquia;Chigorodo;Caribe;LitoralRioLeon;RIPEA;URABA;Antioquia - Urabá
12015090;PALMERA LA [12015090];-76,6055589;7,538329167;51;1578;69;(7-4);3;Antioquia;Chigorodo;Caribe;LitoralRioLeon;GUAPARRIBA;URABA;Antioquia - Urabá
13070300;CHIMA [13070300];-75,61666397;9,149999876;11;1591;8;(11-6);5;Cordoba;Chima;Caribe;BajoSinu;CABECERA;;Cordoba - 
13070310;CHIMA [13070310];-75,61666397;9,149999876;11;1591;1;(11-6);5;Cordoba;Chima;Caribe;BajoSinu;CABECERA;;Cordoba - 
13075010;CHIMA [13075010];-75,62208177;9,150747151;11;1591;85;(11-6);5;Cordoba;Chima;Caribe;BajoSinu;;;Cordoba - 
24010220;CHIMA [24010220];-73,36833271;6,354997956;1043;1294;10;(5-11);13;Santander;Chima;MagdalenaCauca;RioSuarez;MONTE GRANDE;;Santander - 
24010740;RODEO EL HACIENDA [24010740];-73,36666758;6,366664122;1155;1266;37;(5-11);13;Santander;Chima;MagdalenaCauca;RioSuarez;MONTE GRANDE;;Santander - 
24015260;CHIMA [24015260];-73,36833271;6,354997956;1043;1294;89;(5-11);13;Santander;Chima;MagdalenaCauca;RioSuarez;MONTE GRANDE;;Santander - 
13070080;SIGLO EL [13070080];-75,56666939;8,950003971;13;1590;31;(10-6);13;Cordoba;CienagaDeOro;Caribe;BajoSinu;VEREDA EGIPTO;;Cordoba - 
13070160;BERASTEGUI [13070160];-75,70000186;8,88333192;8;1592;46;(10-6);13;Cordoba;CienagaDeOro;Caribe;BajoSinu;PUNTA VERDE;;Cordoba - 
13070390;CIENAGA DE ORO [13070390];-75,63000079;8,870001696;7;1592;0;(10-6);13;Cordoba;CienagaDeOro;Caribe;BajoSinu;;;Cordoba - 
13075020;SALADO EL [13075020];-75,58222539;8,91388969;19;1589;96;(10-6);13;Cordoba;CienagaDeOro;Caribe;BajoSinu;VEREDA EGIPTO;;Cordoba - 
13075040;AEROPUERTO BERASTEGUI [13075040];-75,66666269;8,883336866;7;1592;9;(10-6);13;Cordoba;CienagaDeOro;Caribe;BajoSinu;PUNTA VERDE;;Cordoba - 
13077070;CIENAGA DE ORO [13077070];-75,63000079;8,870001696;7;1592;97;(10-6);13;Cordoba;CienagaDeOro;Caribe;BajoSinu;;;Cordoba - 
23110060;PADILLA [23110060];-74,3330584;6,193606788;150;1547;68;(4-9);2;Santander;Cimitarra;MagdalenaCauca;DirectosalMagdalenaMedioentreRiosNegro;DOS HERMANOS;;Santander - 
23115020;PADILLA [23115020];-74,36666864;6,199999174;145;1549;11;(4-8);6;Santander;Cimitarra;MagdalenaCauca;DirectosalMagdalenaMedioentreRiosNegro;DOS HERMANOS;;Santander - 
23120010;VERDE LA [23120010];-73,8997264;6,412502865;178;1539;83;(5-10);5;Santander;Cimitarra;MagdalenaCauca;RioCarare(Minero);LA VERDE;;Santander - 
23120070;PUERTO ARAUJO [23120070];-74,11666932;6,533329842;105;1561;46;(5-9);8;Santander;Cimitarra;MagdalenaCauca;RioCarare(Minero);EL AGUILA;;Santander - 
23120180;CIMITARRA [23120180];-73,94999656;6,316668991;152;1547;1;(5-9);8;Santander;Cimitarra;MagdalenaCauca;RioCarare(Minero);;;Santander - 
23120200;PUERTO ARAUJO ALERTAS [23120200];-74,08249969;6,533893075;117;1558;75;(5-9);8;Santander;Cimitarra;MagdalenaCauca;RioCarare(Minero);LA TERRAZA;;Santander - 
23125110;PORTUGAL HACIENDA [23125110];-74,05000407;6,500003731;121;1556;4;(5-9);8;Santander;Cimitarra;MagdalenaCauca;RioCarare(Minero);LA TERRAZA;;Santander - 
23125120;CIMITARRA [23125120];-73,95222468;6,308611657;186;1536;82;(5-9);8;Santander;Cimitarra;MagdalenaCauca;RioCarare(Minero);ZONA URBANA;;Santander - 
11025010;MANSA LA [11025010];-76,08433055;5,878308568;1998;1069;91;(4-5);12;Antioquia;CiudadBolivar;Caribe;DarienAltoAtrato;MONTE LORO;;Antioquia - 
23080750;COCORNA [23080750];-75,18261466;6,053331883;1244;1243;88;(4-7);13;Antioquia;Cocorna;MagdalenaCauca;RioNare;;Oriente;Antioquia - Oriente
23080740;CONCEPCION [23080740];-75,25916242;6,396940049;1867;1098;89;(5-7);20;Antioquia;Concepcion;MagdalenaCauca;RioNare;;Oriente;Antioquia - Oriente
26210080;HERRADURA LA [26210080];-75,8739732;6,099226395;840;1348;95;(4-5);12;Antioquia;Concordia;MagdalenaCauca;DirectosRioCaucaentreRioSanJuanyPtoValdia;MORRON;SUROESTE;Antioquia - Suroeste
26215010;CONCORDIA [26215010];-75,91953222;6,039554009;1980;1073;92;(4-5);12;Antioquia;Concordia;MagdalenaCauca;DirectosRioCaucaentreRioSanJuanyPtoValdia;SAN LUIS;SUROESTE;Antioquia - Suroeste
54020060;OPOGODO [54020060];-76,65000183;5,059996253;67;1573;84;(2-3);6;Choco;Condoto;Pacifico;RioTamanayotrosDirectosSanJuan;273037;;Choco - 
54020090;AEROPUERTO CONDOTO [54020090];-76,67666695;5,073501291;50;1579;25;(2-3);6;Choco;Condoto;Pacifico;RioTamanayotrosDirectosSanJuan;273037;;Choco - 
54025020;AEROPUERTO CONDOTO [54025020];-76,67666695;5,073501291;50;1579;60;(2-3);6;Choco;Condoto;Pacifico;RioTamanayotrosDirectosSanJuan;273037;;Choco - 
54025030;SAN JOSE [54025030];-76,59999889;5,100001488;135;1552;4;(2-4);4;Choco;Condoto;Pacifico;RioTamanayotrosDirectosSanJuan;VIRO VIRO;;Choco - 
23120210;COPER [23120210];-74,04591689;5,47466792;979;1311;77;(3-9);15;Boyaca;Coper;MagdalenaCauca;RioCarare(Minero);;;Boyaca - 
13070210;COTORRA [13070210];-75,78333365;9,033336758;5;1593;44;(11-5);13;Cordoba;Cotorra;Caribe;BajoSinu;EL BINDE;;Cordoba - 
13070330;ICOTEAS LAS [13070330];-75,76666753;9,050003479;4;1593;2;(11-5);13;Cordoba;Cotorra;Caribe;BajoSinu;EL GRULLO;;Cordoba - 
22050100;GUAYABOS LOS [22050100];-75,09694567;4,656557401;1428;1198;61;(1-7);23;Tolima;Coyaima;MagdalenaCauca;RioTotare(1-7);EL FIERRO;;Tolima - 
27015150;PROGRESO EL HACIENDA [27015150];-75,39717083;6,44747446;2486;970;79;(5-6);14;Antioquia;DonMatias;MagdalenaCauca;RioPorce;ROMAZON;Norte;Antioquia - Norte
26110120;VILLA NUEVA [26110120];-76,03853168;4,971082145;1321;1224;94;(2-5);17;ValledelCauca;ElAguila;MagdalenaCauca;RiosPescadorRUTChancoCatarinayCañaveral;762008;;ValledelCauca - 
27030060;AMACERI [27030060];-74,73333083;7,75000266;90;1566;32;(8-8);7;Antioquia;ElBagre;MagdalenaCauca;BajoNechi(md);EL CASTILLO;Bajo Cauca;Antioquia - Bajo Cauca
27030130;LONDRE EL [27030130];-74,65000221;7,466669666;474;1450;22;(7-8);6;Antioquia;ElBagre;MagdalenaCauca;BajoNechi(md);ARENAS BLANCAS;Bajo Cauca;Antioquia - Bajo Cauca
27030150;ASI ES LA VIDA [27030150];-74,58333117;7,733336197;647;1401;22;(8-8);7;Antioquia;ElBagre;MagdalenaCauca;BajoNechi(md);BALDIOS NACIONALES;Bajo Cauca;Antioquia - Bajo Cauca
27030160;BUENAVISTA [27030160];-74,66667;7,433337055;284;1506;24;(7-8);6;Antioquia;ElBagre;MagdalenaCauca;BajoNechi(md);SAN CAYETANO;Bajo Cauca;Antioquia - Bajo Cauca
27030220;Oriente EL [27030220];-74,66666983;7,566670147;174;1540;24;(7-8);6;Antioquia;ElBagre;MagdalenaCauca;BajoNechi(md);EL PERICO;Bajo Cauca;Antioquia - Bajo Cauca
27035030;SANTA MARGARITA [27035030];-74,76666996;7,733331188;42;1581;19;(8-8);7;Antioquia;ElBagre;MagdalenaCauca;BajoNechi(md);AMACERI;Bajo Cauca;Antioquia - Bajo Cauca
27047010;BAGRE EL [27047010];-74,80000288;7,61666542;50;1579;32;(8-8);7;Antioquia;ElBagre;MagdalenaCauca;BajoNechi(md);BUENOS AIRES;Bajo Cauca;Antioquia - Bajo Cauca
11030030;MANAGRU [11030030];-76,72813705;5,334163171;49;1579;72;(2-3);6;Choco;ElCantonDelSanPablo(Managru);Caribe;DarienRioQuito;MANAGRU;;Choco - 
11020010;CARMEN DE ATRATO [11020010];-76,1420854;5,90853002;1763;1121;100;(4-5);12;Choco;ElCarmen;Caribe;DarienAltoAtrato;LA ARGELIA;;Choco - 
11020020;GUADUAS [11020020];-76,183329;5,766670316;1338;1220;42;(3-4);5;Choco;ElCarmen;Caribe;DarienAltoAtrato;EL 10;;Choco - 
11020050;PINON EL [11020050];-76,25085946;5,757668317;712;1383;95;(3-4);5;Choco;ElCarmen;Caribe;DarienAltoAtrato;CAUDUAS;;Choco - 
23140030;CARMEN EL [23140030];-73,51000163;6,696393381;798;1359;8;(5-10);5;Santander;ElCarmen;MagdalenaCauca;RioOpon;QUINAL ALTO;;Santander - 
23140070;DOS BOCAS HACIENDA [23140070];-73,61638588;6,771940652;196;1533;69;(6-10);5;Santander;ElCarmen;MagdalenaCauca;RioOpon;DOS BOCAS;;Santander - 
23145020;CARMEN EL [23145020];-73,51000163;6,696393381;798;1359;84;(5-10);5;Santander;ElCarmen;MagdalenaCauca;RioOpon;QUINAL ALTO;;Santander - 
26190130;MANSA LA [26190130];-76,09999813;5,749996564;1937;1082;5;(3-5);11;Choco;ElCarmen;Caribe;DarienAltoAtrato;CAUDUAS;;Choco - 
24011070;SANTUARIO EL [24011070];-73,4672241;6,323606722;1760;1121;70;(5-10);5;Santander;ElGuacamayo;MagdalenaCauca;RioSuarez;PALESTINA;;Santander - 
23060180;PENON EL [23060180];-74,29449939;5,253441926;1399;1205;90;(2-9);6;Cundinamarca;ElPeñon;MagdalenaCauca;RioNegro;CENTRO;;Cundinamarca - 
23190140;PLAYON EL [23190140];-73,20138862;7,464720097;429;1463;99;(7-11);18;Santander;ElPlayon;MagdalenaCauca;RioLebrijayotrosdirectosalMagdalena;;;Santander - 
27010830;SAN ISIDRO [27010830];-75,51575135;6,563218287;2324;1002;97;(5-6);14;Antioquia;Entrerrios;MagdalenaCauca;RioPorce;RIO GRANDE;Norte;Antioquia - Norte
23190270;LIMONCITO [23190270];-73,10000445;7,049999303;911;1329;7;(6-11);27;Santander;Floridablanca;MagdalenaCauca;RioLebrijayotrosdirectosalMagdalena;RIO FRIO;;Santander - 
23190400;GALVICIA LA [23190400];-73,05722189;7,124448079;1903;1090;96;(6-11);27;Santander;Floridablanca;MagdalenaCauca;RioLebrijayotrosdirectosalMagdalena;RETIRO CHIQUITO;;Santander - 
23195190;SAN ANTONIO SANTANDER [23195190];-73,06619661;7,099524458;1531;1174;1;(6-11);27;Santander;Floridablanca;MagdalenaCauca;RioLebrijayotrosdirectosalMagdalena;VERCUTE;;Santander - 
26175040;TUNEZ HACIENDA [26175040];-75,65096813;5,800247122;582;1419;76;(3-6);20;Antioquia;Fredonia;MagdalenaCauca;DirectosRioCaucaentreRioSanJuanyPtoValdivia;PUENTE IGLESIAS;SUROESTE;Antioquia - Suroeste
26200150;FREDONIA [26200150];-75,68511053;5,936746663;1760;1121;87;(4-6);19;Antioquia;Fredonia;MagdalenaCauca;DirectosRioCaucaentreRioSanJuanyPtoValdivia;EL CINCO;SUROESTE;Antioquia - Suroeste
23010020;EDEN EL [23010020];-75,04891709;5,158390045;1645;1147;94;(2-7);24;Tolima;Fresno;MagdalenaCauca;RioGuali;LA FLORIDA;;Tolima - 
11110010;NORMAL SANTA TERESA [11110010];-76,13360684;6,763334912;1429;1198;98;(6-5);8;Antioquia;Frontino;Caribe;DarienRioSucio;;Occidente;Antioquia - Occidente
11110030;FUEMIA [11110030];-76,25222461;6,858051054;1043;1294;83;(6-4);3;Antioquia;Frontino;Caribe;DarienRioSucio;FUEMIA;Occidente;Antioquia - Occidente
11115030;NUTIBARA [11115030];-76,25000098;6,81666588;1651;1146;14;(6-4);3;Antioquia;Frontino;Caribe;DarienRioSucio;LA CAMPEONA;Occidente;Antioquia - Occidente
11115040;MUSINGA [11115040];-76,20333379;6,777970353;1359;1215;68;(6-4);3;Antioquia;Frontino;Caribe;DarienRioSucio;MUCINGA;Occidente;Antioquia - Occidente
23210010;PUERTO MOSQUITO [23210010];-73,75527705;8,185004471;43;1581;100;(9-10);4;Cesar;Gamarra;MagdalenaCauca;QuebradaElCarmenyOtrosDirectosalMagdalena;PUERTO MOSQUITO;;Cesar - 
23210160;GAMARRA [23210160];-73,73777654;8,326670444;42;1581;79;(9-10);4;Cesar;Gamarra;MagdalenaCauca;QuebradaElCarmenyOtrosDirectosalMagdalena;;;Cesar - 
11110110;BOQUERON DE TOYO [11110110];-75,97749756;6,699443233;2133;1041;47;(5-5);18;Antioquia;Giraldo;Caribe;DarienRioSucio;CIRIGUAN;Occidente;Antioquia - Occidente
26220090;GIRALDO [26220090];-75,95722487;6,688051522;1930;1084;98;(5-5);18;Antioquia;Giraldo;MagdalenaCauca;DirectosRioCaucaentreRioSanJuanyPtoValdia;LA PLANTA;Occidente;Antioquia - Occidente
27010820;CUCHILLA LA [27010820];-75,45361308;6,368335538;1558;1168;98;(5-6);14;Antioquia;Girardota;MagdalenaCauca;RioPorce;LAS CUCHILLAS;Valle de Aburra;Antioquia - Valle de Aburra
23190280;PALO GORDO [23190280];-73,13305312;6,967504336;859;1343;99;(6-11);27;Santander;Giron;MagdalenaCauca;RioLebrijayotrosdirectosalMagdalena;PALOGORDO;;Santander - 
23190600;PANTANO EL [23190600];-73,23027378;6,997502333;1263;1239;98;(6-11);27;Santander;Giron;MagdalenaCauca;RioLebrijayotrosdirectosalMagdalena;PANTANO;;Santander - 
23195110;LLANO GRANDE - AUT [23195110];-73,16721774;7,025555393;738;1376;89;(6-11);27;Santander;Giron;MagdalenaCauca;RioLebrijayotrosdirectosalMagdalena;RUITOQUE;;Santander - 
24060010;PARROQUIA LA [24060010];-73,32777614;7,076391736;236;1521;0;(6-11);27;Santander;Giron;MagdalenaCauca;RioSogamoso;LA PARROQUIA;;Santander - 
24060060;PUENTE LA PAZ [24060060];-73,41944314;7,108615174;160;1544;60;(6-11);27;Santander;Giron;MagdalenaCauca;RioSogamoso;MARTA;;Santander - 
24060070;PARROQUIA LA [24060070];-73,32777614;7,076391736;236;1521;78;(6-11);27;Santander;Giron;MagdalenaCauca;RioSogamoso;LA PARROQUIA;;Santander - 
24065020;ESPERANZA LA HACIENDA [24065020];-73,29999571;7,066664222;852;1345;10;(6-11);27;Santander;Giron;MagdalenaCauca;RioSogamoso;CEDRO;;Santander - 
24065030;TRIGUEROS HACIENDA [24065030];-73,3580597;7,07666806;339;1490;26;(6-11);27;Santander;Giron;MagdalenaCauca;RioSogamoso;SOGAMOSO;;Santander - 
27010160;GOMEZ PLATA [27010160];-75,21980501;6,677809357;1851;1101;6;(5-7);20;Antioquia;GomezPlata;MagdalenaCauca;RioPorce;;Norte;Antioquia - Norte
27010900;GOMEZ PLATA [27010900];-75,21980501;6,677809357;1851;1101;98;(5-7);20;Antioquia;GomezPlata;MagdalenaCauca;RioPorce;;Norte;Antioquia - Norte
23080820;TAFETANES [23080820];-75,11774563;6,146722328;1924;1085;63;(4-7);13;Antioquia;Granada;MagdalenaCauca;RioNare;LA PRIMAVERA;Oriente;Antioquia - Oriente
23080910;MEDIOS LOS [23080910];-75,08332967;6,133336812;1645;1147;15;(4-7);13;Antioquia;Granada;MagdalenaCauca;RioNare;LOS MEDIOS;Oriente;Antioquia - Oriente
24015250;LAJA LA [24015250];-73,41539248;6,237163556;1440;1195;89;(4-11);1;Santander;Guadalupe;MagdalenaCauca;RioSuarez;EL CENTRO;;Santander - 
21230090;ARRANCAPLUMAS [21230090];-74,72927841;5,202752787;220;1526;78;(2-8);12;Cundinamarca;Guaduas;MagdalenaCauca;RioSecoyotrosDirectosalMagdalena;PUERTO BOGOTA;;Cundinamarca - 
23060140;TUSCOLO EL [23060140];-74,60805645;5,069445386;987;1309;89;(2-8);12;Cundinamarca;Guaduas;MagdalenaCauca;RioNegro;;;Cundinamarca - 
25020940;VILLANUEVA [25020940];-74,73555353;8,332781072;27;1586;90;(9-8);16;Sucre;Guaranda;MagdalenaCauca;CaucaSanJorgeLaMojana;VILLA NUEVA;;Sucre - 
27015210;VIVERO EL [27015210];-75,50000047;6,28333194;2419;983;26;(5-6);14;Antioquia;Guarne;MagdalenaCauca;RioPorce;PIEDRAS BLANCAS-MATASANO;Valle de Aburra;Antioquia - Valle de Aburra
26140080;TAIJARA ALEJANDRIA [26140080];-75,82583237;5,280802754;1463;1190;57;(2-5);17;Risaralda;Guatica;MagdalenaCauca;RioRisaralda;TAIJARA BAJO;;Risaralda - 
26140110;SAN CLEMENTE [26140110];-75,78766441;5,317856811;2154;1036;84;(2-5);17;Risaralda;Guatica;MagdalenaCauca;RioRisaralda;BETANIA;;Risaralda - 
24010820;GUAVATA [24010820];-73,7025042;5,96139112;1906;1089;75;(4-10);8;Santander;Guavata;MagdalenaCauca;RioSuarez;POPOA;;Santander - 
27010770;CHUSCAL EL [27010770];-75,70508413;6,178333616;2224;1022;97;(4-6);19;Antioquia;Heliconia;MagdalenaCauca;DirectosRioCaucaentreRioSanJuanyPtoValdivia;PUEBLITO;Occidente;Antioquia - Occidente
23010080;IDEMA-HONDA [23010080];-74,74958587;5,201412189;229;1523;97;(2-8);12;Tolima;Honda;MagdalenaCauca;RioGuali;;;Tolima - 
23025020;ESPERANZA LA [23025020];-74,72913608;5,262638358;193;1534;85;(2-8);12;Tolima;Honda;MagdalenaCauca;RioGuali;PALACIOS;;Tolima - 
21210020;JUNTAS LAS [21210020];-75,32163618;4,556306381;1863;1098;94;(1-6);24;Tolima;Ibague;MagdalenaCauca;RioCoello;JUNTAS;;Tolima - 
21210100;RANCHO EL [21210100];-75,33044746;4,60030781;2601;948;40;(1-6);24;Tolima;Ibague;MagdalenaCauca;RioCoello;JUNTAS;;Tolima - 
21210110;PLACER EL [21210110];-75,27789189;4,520942604;2191;1029;71;(1-6);24;Tolima;Ibague;MagdalenaCauca;RioCoello;LA PLATA EL BRILLANTE;;Tolima - 
21210220;PALMAR EL [21210220];-75,32566887;4,580112464;2282;1010;94;(1-6);24;Tolima;Ibague;MagdalenaCauca;RioCoello;JUNTAS;;Tolima - 
21210260;SILENCIO EL [21210260];-75,38332981;4,633336946;3681;763;32;(1-6);24;Tolima;Ibague;MagdalenaCauca;RioCoello;TOCHE;;Tolima - 
54010010;ISTMINA [54010010];-76,68922518;5,15875144;62;1575;92;(2-3);6;Choco;Istmina;Pacifico;RioSanJuanAlto;SIN DEFINIR;;Choco - 
26220100;GRANJA LA [26220100];-75,7340846;7,24964046;1024;1299;88;(7-5);2;Antioquia;Ituango;MagdalenaCauca;DirectosRioCaucaentreRioSanJuanyPtoValdia;EL GUADUAL;Norte;Antioquia - Norte
26220110;SANTA RITA [26220110];-75,61685706;7,323746912;1997;1069;75;(7-6);13;Antioquia;Ituango;MagdalenaCauca;DirectosRioCaucaentreRioSanJuanyPtoValdia;EL RECREO;Norte;Antioquia - Norte
26225010;ITUANGO [26225010];-75,73333351;7,20000026;738;1376;6;(7-5);2;Antioquia;Ituango;MagdalenaCauca;DirectosRioCaucaentreRioSanJuanyPtoValdia;LOS GALGOS;Norte;Antioquia - Norte
26225050;PALMAR EL [26225050];-75,66666455;7,116665657;299;1502;12;(6-6);14;Antioquia;Ituango;MagdalenaCauca;DirectosRioCaucaentreRioSanJuanyPtoValdia;LOS GALGOS;Norte;Antioquia - Norte
26195030;JARDIN EL [26195030];-75,80055863;5,587724756;1989;1071;48;(3-5);11;Antioquia;Jardin;MagdalenaCauca;RioSanJuan;QUEBRADA BONITA;SUROESTE;Antioquia - Suroeste
26170190;DIQUE EL [26170190];-75,72361271;5,803861507;925;1325;96;(4-5);12;Antioquia;Jerico;MagdalenaCauca;RioFRioyOtrosDirectosalCauca;CAUCA;SUROESTE;Antioquia - Suroeste
23120220;PRADERA LA [23120220];-73,91332988;5,870828877;2534;960;78;(4-9);2;Santander;JesusMaria;MagdalenaCauca;RioCarare(Minero);PRADERA;;Santander - 
24010210;JESUS MARIA [24010210];-73,78166318;5,873335915;1888;1093;98;(4-10);8;Santander;JesusMaria;MagdalenaCauca;RioSuarez;BRAVO PAEZ;;Santander - 
56015020;ALTO CURICHE [56015020];-77,64999993;7,050004106;297;1503;0;(6-1);1;Choco;Jurado;Pacifico;DirectosDirectosPacificoFronteraPanama;SIN DEFINIR;;Choco - 
25020700;APARTADA LA [25020700];-75,33861376;8,053051289;31;1585;90;(8-6);10;Cordoba;LaApartada;MagdalenaCauca;CaucaSanJorgeLaMojana;SIN DEFINIR;;Cordoba - 
23085100;CARMELO EL HACIENDA [23085100];-75,40000316;6,033334855;2139;1039;3;(4-6);19;Antioquia;LaCeja;MagdalenaCauca;RioNare;GUAMITO;Oriente;Antioquia - Oriente
23040030;IDEMA-DORADA [23040030];-74,67616918;5,479197974;175;1540;88;(3-8);10;Caldas;LaDorada;MagdalenaCauca;DirectosMagdalenaentreRiosGuarinoyLaMiel;;;Caldas - 
23040050;BASCULA LA [23040050];-74,71667118;5,433337079;232;1522;1;(3-8);10;Caldas;LaDorada;MagdalenaCauca;DirectosMagdalenaentreRiosGuarinoyLaMiel;LA ARENOSA;;Caldas - 
23040060;PALMAR EL HACIENDA [23040060];-74,73333429;5,433334689;230;1523;4;(3-8);10;Caldas;LaDorada;MagdalenaCauca;DirectosMagdalenaentreRiosGuarinoyLaMiel;LA ARENOSA;;Caldas - 
23190510;CAOBO EL [23190510];-73,32750323;7,595559845;323;1495;87;(7-11);18;NortedeSantander;LaEsperanza;MagdalenaCauca;RioLebrijayotrosdirectosalMagdalena;RAICEROS;;NortedeSantander - 
23125130;LANDAZURI [23125130];-73,8088924;6,221386558;924;1325;78;(4-10);8;Santander;Landazuri;MagdalenaCauca;RioCarare(Minero);PORVENIR;;Santander - 
23060170;PALMA LA [23060170];-74,38911215;5,349359453;1255;1240;73;(2-8);12;Cundinamarca;LaPalma;MagdalenaCauca;RioNegro;EL BATAN;;Cundinamarca - 
26180220;LA PINTADA ALERTAS [26180220];-75,59999799;5,730001393;588;1418;76;(3-6);20;Antioquia;LaPintada;MagdalenaCauca;RioFRioyOtrosDirectosalCauca;LA BOCANA;SUROESTE;Antioquia - Suroeste
26205030;FARALLONES [26205030];-75,61666929;5,783328931;661;1397;4;(3-6);20;Antioquia;LaPintada;MagdalenaCauca;DirectosRioCaucaentreRioSanJuanyPtoValdivia;LA PINTADA;SUROESTE;Antioquia - Suroeste
26180170;UNION LA [26180170];-75,38138866;5,998332732;2541;959;96;(4-6);19;Antioquia;LaUnion;MagdalenaCauca;RioArma;CHUSCALITO;Oriente;Antioquia - Oriente
26185020;MESOPOTAMIA [26185020];-75,31863504;5,886364649;2370;992;97;(4-6);19;Antioquia;LaUnion;MagdalenaCauca;RioArma;MINITAS;Oriente;Antioquia - Oriente
23060370;ESTANCIA LA [23060370];-74,36666495;4,966667138;1291;1232;23;(2-8);12;Cundinamarca;LaVega;MagdalenaCauca;RioNegro;LLANO GRANDE;;Cundinamarca - 
26140180;VIRGINIA LA-ALERTA [26140180];-75,88277856;4,892502031;899;1332;79;(1-5);14;Risaralda;LaVirginia;MagdalenaCauca;RioOtunyotrosdirectosalCauca;;;Risaralda - 
26140330;VIRGINIA LA [26140330];-75,88333338;4,900001934;899;1332;5;(2-5);17;Risaralda;LaVirginia;MagdalenaCauca;RioRisaralda;;;Risaralda - 
23190260;LAGUNA LA [23190260];-73,21360972;7,079724983;1095;1281;94;(6-11);27;Santander;Lebrija;MagdalenaCauca;RioLebrijayotrosdirectosalMagdalena;LA PUENTE;;Santander - 
23190380;PALMAS [23190380];-73,21789337;7,211085038;794;1360;98;(7-11);18;Santander;Lebrija;MagdalenaCauca;RioLebrijayotrosdirectosalMagdalena;EL OSO;;Santander - 
23190440;NARANJO EL [23190440];-73,29972335;7,205002762;785;1363;90;(7-11);18;Santander;Lebrija;MagdalenaCauca;RioLebrijayotrosdirectosalMagdalena;EL LIBANO;;Santander - 
23195080;URBINA LA [23195080];-73,34999699;7,416666366;127;1555;12;(7-11);18;Santander;Lebrija;MagdalenaCauca;RioLebrijayotrosdirectosalMagdalena;CHUSPAS;;Santander - 
23195502;AEROPUERTO PALONEGRO [23195502];-73,18452916;7,121473722;1157;1265;87;(6-11);27;Santander;Lebrija;MagdalenaCauca;RioLebrijayotrosdirectosalMagdalena;SAN PABLO;;Santander - 
21250070;SIERRA LA [21250070];-74,9356986;4,80011474;467;1452;94;(1-7);23;Tolima;Lerida;MagdalenaCauca;RioLagunillayOtrosDirectosalMagdalena;INSPECCION DE POLICIA LA SIERRA;;Tolima - 
21250190;GARCIA HACIENDA [21250190];-74,89999574;4,850000728;337;1491;33;(1-7);23;Tolima;Lerida;MagdalenaCauca;RioLagunillayOtrosDirectosalMagdalena;AREA URBANA Y SUBURBANA;;Tolima - 
21250410;BLEDONIA [21250410];-74,91666264;4,933332759;342;1489;0;(2-7);24;Tolima;Lerida;MagdalenaCauca;RioLagunillayOtrosDirectosalMagdalena;COLOYA;;Tolima - 
21250550;ESPERANZA LOBONES [21250550];-74,93333316;4,849996566;354;1486;21;(1-7);23;Tolima;Lerida;MagdalenaCauca;RioLagunillayOtrosDirectosalMagdalena;ALTO DEL SOL;;Tolima - 
21250570;IGUACITOS [21250570];-74,85000195;4,850003847;286;1506;36;(1-7);23;Tolima;Lerida;MagdalenaCauca;RioLagunillayOtrosDirectosalMagdalena;IGUACITO;;Tolima - 
21250620;MANGON EL [21250620];-74,91666552;4,816667048;419;1466;37;(1-7);23;Tolima;Lerida;MagdalenaCauca;RioLagunillayOtrosDirectosalMagdalena;Inspeccion de POLICIA LA SIERRA;;Tolima - 
21250630;BALMORAL [21250630];-74,91666399;4,799996618;421;1466;36;(1-7);23;Tolima;Lerida;MagdalenaCauca;RioLagunillayOtrosDirectosalMagdalena;EL CENSO;;Tolima - 
21255070;BLEDONIA [21255070];-74,91666264;4,933332759;342;1489;0;(2-7);24;Tolima;Lerida;MagdalenaCauca;RioLagunillayOtrosDirectosalMagdalena;COLOYA;;Tolima - 
21255140;QUINTA LA [21255140];-74,92063755;4,821504093;414;1468;58;(1-7);23;Tolima;Lerida;MagdalenaCauca;RioLagunillayOtrosDirectosalMagdalena;AREA URBANA Y SUBURBANA;;Tolima - 
21255150;GARCIA HACIENDA [21255150];-74,89155238;4,855415484;327;1494;49;(1-7);23;Tolima;Lerida;MagdalenaCauca;RioLagunillayOtrosDirectosalMagdalena;AREA URBANA Y SUBURBANA;;Tolima - 
21250500;LIBANO [21250500];-75,07586;4,921892398;1631;1151;96;(2-7);24;Tolima;Libano;MagdalenaCauca;RioLagunillayOtrosDirectosalMagdalena;;;Tolima - 
21250530;PALMA LA [21250530];-75,08333304;4,949996911;1553;1169;3;(2-7);24;Tolima;Libano;MagdalenaCauca;RioLagunillayOtrosDirectosalMagdalena;ALTAGRACIA;;Tolima - 
26230140;PLACITA LA [26230140];-75,75805744;6,720892466;1540;1172;97;(6-5);8;Antioquia;Liborina;MagdalenaCauca;DirectosRioCaucaentreRioSanJuanyPtoValdivia;LA PEÑOLA;Occidente;Antioquia - Occidente
11035010;LLORO [11035010];-76,5799966;5,509998436;45;1580;66;(3-4);5;Choco;Lloro;Caribe;DarienRioQuito;SIN DEFINIR;;Choco - 
13070240;CERRO BAHIA [13070240];-75,84999604;9,300004253;23;1587;45;(11-5);13;Cordoba;Lorica;Caribe;BajoSinu;PUEBLO CHIQUITO;;Cordoba - 
13070250;TRAPICHE EL [13070250];-75,8833328;9,316663762;4;1593;47;(11-5);13;Cordoba;Lorica;Caribe;BajoSinu;PUEBLO CHIQUITO;;Cordoba - 
13070420;CNO EL MUERTO [13070420];-75,84999604;9,300004253;23;1587;2;(11-5);13;Cordoba;Lorica;Caribe;BajoSinu;PUEBLO CHIQUITO;;Cordoba - 
13080020;LORICA [13080020];-75,83333531;9,250003127;26;1586;6;(11-5);13;Cordoba;Lorica;Caribe;BajoSinu;PUEBLO CHIQUITO;;Cordoba - 
13080060;DOCTRINA LA [13080060];-75,8833326;9,299998375;4;1593;1;(11-5);13;Cordoba;Lorica;Caribe;BajoSinu;PUEBLO CHIQUITO;;Cordoba - 
13085010;DOCTRINA LA [13085010];-75,89278104;9,297219627;8;1592;91;(11-5);13;Cordoba;Lorica;Caribe;BajoSinu;LA DOCTRINA;;Cordoba - 
13085050;LORICA ITA - AUT [13085050];-75,84441956;9,252726151;25;1587;78;(11-5);13;Cordoba;Lorica;Caribe;BajoSinu;PUEBLO CHIQUITO;;Cordoba - 
24060050;MESA LA [24060050];-73,09277355;6,759164419;1444;1194;92;(6-11);27;Santander;LosSantos;MagdalenaCauca;RioSogamoso;LAS DELICIAS;;Santander - 
25020950;SAN ANTONIO ALERTA [25020950];-74,76999905;9,039997871;15;1590;87;(11-8);2;Bolivar;Magangue;MagdalenaCauca;CaucaSanJorgeLaMojana;BOCA DE SAN ANTONIO;;Bolivar - 
25027530;BARBOSA [25027530];-74,63666794;9,022499727;17;1589;84;(11-8);2;Bolivar;Magangue;MagdalenaCauca;CaucaSanJorgeLaMojana;BARBOSA;;Bolivar - 
25020340;MAJAGUAL [25020340];-74,64999987;8,533329017;19;1589;0;(10-8);14;Sucre;Majagual;MagdalenaCauca;CaucaSanJorgeLaMojana;SAN ROQUE;;Sucre - 
25020790;PALMARITO [25020790];-74,71777889;8,718890978;14;1590;87;(10-8);14;Sucre;Majagual;MagdalenaCauca;CaucaSanJorgeLaMojana;SIN DEFINIR;;Sucre - 
25020820;ZAPATA [25020820];-74,69972113;8,602779538;16;1589;87;(10-8);14;Sucre;Majagual;MagdalenaCauca;CaucaSanJorgeLaMojana;ZAPATICO;;Sucre - 
25021570;FLORIDA LA [25021570];-75,16666957;8,649996268;28;1586;5;(10-7);9;Sucre;Majagual;MagdalenaCauca;CaucaSanJorgeLaMojana;SIN DEFINIR;;Sucre - 
25025240;MAJAGUAL [25025240];-74,62733181;8,542696361;18;1589;78;(10-8);14;Sucre;Majagual;MagdalenaCauca;CaucaSanJorgeLaMojana;;;Sucre - 
26150160;LA ESPERANZA [26150160];-75,35655709;5,017831752;3315;821;95;(2-6);13;Caldas;Manizales;MagdalenaCauca;RioChinchina;LA ESPERANZA;;Caldas - 
26155110;AEROPUERTO LA NUBIA [26155110];-75,46991581;5,02978205;2076;1053;97;(2-6);13;Caldas;Manizales;MagdalenaCauca;RioChinchina;;;Caldas - 
26155170;TESORITO FINCA - AUT [26155170];-75,43833052;5,032224894;2342;998;43;(2-6);13;Caldas;Manizales;MagdalenaCauca;RioChinchina;LA ENEA PARTE;;Caldas - 
23020080;MANZANARES [23020080];-75,14407907;5,265608142;1957;1078;87;(2-7);24;Caldas;Manzanares;MagdalenaCauca;RioGuarino;;;Caldas - 
23080640;MARINILLA [23080640];-75,32800351;6,171085476;2103;1047;93;(4-6);19;Antioquia;Marinilla;MagdalenaCauca;RioNare;;Oriente;Antioquia - Oriente
23120150;MARIPI [23120150];-74,01667104;5,550003345;1070;1287;4;(3-9);15;Boyaca;Maripi;MagdalenaCauca;RioCarare(Minero);PALMAR;;Boyaca - 
23010070;MACARENA LA HACIENDA [23010070];-74,88333096;5,183333991;457;1455;4;(2-7);24;Tolima;Mariquita;MagdalenaCauca;RioGuali;PANTANO GRANDE;;Tolima - 
23010110;SUBESTACION ELECTR [23010110];-74,86666689;5,18332913;430;1463;5;(2-7);24;Tolima;Mariquita;MagdalenaCauca;RioGuali;PANTANO GRANDE;;Tolima - 
23015040;AEROPUERTO MARIQUITA [23015040];-74,88638679;5,209719165;471;1451;50;(2-7);24;Tolima;Mariquita;MagdalenaCauca;RioGuali;;;Tolima - 
23025040;ALBANIA [23025040];-74,90264101;5,285695432;590;1417;65;(2-7);24;Tolima;Mariquita;MagdalenaCauca;RioGuarino;MALABAR BAJO;;Tolima - 
26170350;FLECHA LA [26170350];-75,61667018;5,466667794;1690;1137;2;(3-6);20;Caldas;Marmato;MagdalenaCauca;RioFRioyOtrosDirectosalCauca;EL RODEO;;Caldas - 
23050080;MARQUETALIA [23050080];-75,05746771;5,298912458;1530;1174;94;(2-7);24;Caldas;Marquetalia;MagdalenaCauca;RioLaMiel(Samana);;;Caldas - 
26130200;RECUERDO EL [26130200];-75,74166353;4,962413698;1565;1166;91;(2-5);17;Risaralda;Marsella;MagdalenaCauca;RioOtunyotrosdirectosalCauca;LA LINDA;;Risaralda - 
26130270;MARSELLA-ITA [26130270];-75,74999823;4,933333746;1622;1153;4;(2-5);17;Risaralda;Marsella;MagdalenaCauca;RioOtunyotrosdirectosalCauca;CARACAS;;Risaralda - 
26135090;JARDIN BOTANICO [26135090];-75,73333261;4,933330262;1538;1172;26;(2-5);17;Risaralda;Marsella;MagdalenaCauca;RioOtunyotrosdirectosalCauca;;;Risaralda - 
26135120;MARSELLA-ITA [26135120];-75,74999823;4,933333746;1622;1153;14;(2-5);17;Risaralda;Marsella;MagdalenaCauca;RioOtunyotrosdirectosalCauca;CARACAS;;Risaralda - 
23020090;MARULANDA [23020090];-75,26714276;5,278167137;2816;908;88;(2-6);13;Caldas;Marulanda;MagdalenaCauca;RioGuarino;CENTRO MARULANDA;;Caldas - 
23190120;MATANZA [23190120];-73,03333079;7,36666902;2479;971;4;(7-11);18;Santander;Matanza;MagdalenaCauca;RioLebrijayotrosdirectosalMagdalena;SANTA MARTHA;;Santander - 
23190340;MATAJIRA [23190340];-73,06471785;7,213331422;1019;1300;100;(7-11);18;Santander;Matanza;MagdalenaCauca;RioLebrijayotrosdirectosalMagdalena;MATAJIRA;;Santander - 
23190370;MATANZA [23190370];-73,03333079;7,36666902;2479;971;0;(7-11);18;Santander;Matanza;MagdalenaCauca;RioLebrijayotrosdirectosalMagdalena;SANTA MARTHA;;Santander - 
26205080;ALDEA LA [26205080];-75,70094349;6,341056133;1684;1138;59;(5-6);14;Antioquia;Medellin;MagdalenaCauca;DirectosRioCaucaentreRioSanJuanyPtoValdivia;LA ALDEA;Valle de Aburra;Antioquia - Valle de Aburra
27010780;BOQUERON [27010780];-75,6833344;6,349997869;2313;1004;37;(5-6);14;Antioquia;Medellin;MagdalenaCauca;DirectosRioCaucaentreRioSanJuanyPtoValdivia;SECTOR CENTRAL;Valle de Aburra;Antioquia - Valle de Aburra
27010810;SANTA HELENA [27010810];-75,51674672;6,19688928;2706;928;95;(4-6);19;Antioquia;Medellin;MagdalenaCauca;RioPorce;EL PLAN;Valle de Aburra;Antioquia - Valle de Aburra
27011110;ASTILLEROS [27011110];-75,67586527;6,257302741;2412;984;59;(5-6);14;Antioquia;Medellin;MagdalenaCauca;RioPorce;EL ASTILLERO;Valle de Aburra;Antioquia - Valle de Aburra
27011120;IGUANA LA [27011120];-75,65752718;6,316275256;2290;1008;59;(5-6);14;Antioquia;Medellin;MagdalenaCauca;RioPorce;BOQUERON;Valle de Aburra;Antioquia - Valle de Aburra
27011270;LAURELES-MEDELLIN [27011270];-75,59105922;6,246418193;1492;1183;19;(4-6);19;Antioquia;Medellin;MagdalenaCauca;RioPorce;;Valle de Aburra;Antioquia - Valle de Aburra
27015120;PIEDRAS BLANCAS [27015120];-75,49999888;6,300004254;2379;991;16;(5-6);14;Antioquia;Medellin;MagdalenaCauca;RioPorce;CABUYAL;Valle de Aburra;Antioquia - Valle de Aburra
27015270;JARDIN BOTANICO [27015270];-75,56316968;6,266915108;1488;1184;2;(5-6);14;Antioquia;Medellin;MagdalenaCauca;RioPorce;;Valle de Aburra;Antioquia - Valle de Aburra
27015330;OLAYA HERRERA - AUT [27015330];-75,58999898;6,219997226;1498;1182;95;(4-6);19;Antioquia;Medellin;MagdalenaCauca;RioPorce;;Valle de Aburra;Antioquia - Valle de Aburra
11050020;BETE [11050020];-76,78002592;5,994724396;27;1586;76;(4-3);4;Choco;MedioAtrato(Bete);Caribe;Darien;BETE;;Choco - 
11050030;BUEY EL [11050030];-76,82136404;6,102500708;32;1584;83;(4-3);4;Choco;MedioAtrato(Bete);Caribe;DarienDirectosAtratoentreRiosQuitoyBojaya(mi);SIN DEFINIR;;Choco - 
11050060;ALTO DEL BUEY [11050060];-76,91563949;6,108332362;39;1582;85;(4-3);4;Choco;MedioAtrato(Bete);Caribe;DarienDirectosAtratoentreRiosQuitoyBojaya(mi);SIN DEFINIR;;Choco - 
54020010;ANDAGOYA [54020010];-76,69650319;5,097664797;36;1583;92;(2-3);6;Choco;MedioSanJuan;Pacifico;RioTamanayotrosDirectosSanJuan;SIN DEFINIR;;Choco - 
26140120;MISTRATO [26140120];-75,8727216;5,294254281;1466;1189;96;(2-5);17;Risaralda;Mistrato;MagdalenaCauca;RioRisaralda;LA ESTRELLA;;Risaralda - 
13070020;MOMIL [13070020];-75,68806006;9,234444796;7;1592;90;(11-6);5;Cordoba;Momil;Caribe;BajoSinu;SIN DEFINIR;;Cordoba - 
24010750;MIRAVALLES [24010750];-73,60916254;5,925829268;1547;1170;82;(4-10);8;Boyaca;Moniquira;MagdalenaCauca;RioSuarez;SAN VICENTE;;Boyaca - 
26180200;MONTEBELLO [26180200];-75,5368335;5,950837016;2136;1040;97;(4-6);19;Antioquia;Montebello;MagdalenaCauca;RioArma;LA GRANJA;SUROESTE;Antioquia - Suroeste
25020850;REGENCIA [25020850];-74,65000334;8,133332034;32;1584;29;(9-8);16;Bolivar;Montecristo;MagdalenaCauca;CaucaSanJorgeLaMojana;SIN DEFINIR;;Bolivar - 
25021120;SERRANIA SAN LUCAS [25021120];-74,35000091;8,300002433;711;1383;21;(9-9);3;Bolivar;Montecristo;MagdalenaCauca;DirectosalMagdalena(BrazoMorales);SIN DEFINIR;;Bolivar - 
25025230;MONTECRISANTO [25025230];-74,48333658;8,299998709;23;1587;50;(9-8);16;Bolivar;Montecristo;MagdalenaCauca;CaucaSanJorgeLaMojana;LA MARQUEZA;;Bolivar - 
25010080;PICA PICA - AUT [25010080];-75,67999808;8,029999837;80;1569;86;(8-6);10;Cordoba;Montelibano;MagdalenaCauca;CaucaAltoSanJorge;PICA PICA NUEVO;;Cordoba - 
25010090;MONTELIBANO [25010090];-75,48332944;8,033332134;66;1574;4;(8-6);10;Cordoba;Montelibano;MagdalenaCauca;CaucaAltoSanJorge;EL ANCLAR;;Cordoba - 
25010100;SAN FRANCISCO [25010100];-75,75999774;8,129170718;182;1538;87;(9-5);10;Cordoba;Montelibano;Caribe;MedioSinu;SAN FRANCISCO DEL RAYO;;Cordoba - 
25025160;CUBA HACIENDA [25025160];-75,40277963;8,003892634;44;1581;85;(8-6);10;Cordoba;Montelibano;MagdalenaCauca;CaucaSanJorgeLaMojana;EL CUCHARO;;Cordoba - 
13035501;AEROPUERTO LOS GARZONES [13035501];-75,82514026;8,825834303;12;1591;80;(10-5);28;Cordoba;Monteria;Caribe;BajoSinu;CORREGIMIENTO MATEO GOMEZ;;Cordoba - 
13050010;SANTA LUCIA [13050010];-76,04527891;8,848609884;69;1573;93;(10-5);28;Cordoba;Monteria;Caribe;BajoSinu;SANTA LUCIA;;Cordoba - 
13050020;SANTA CRUZ HACIENDA [13050020];-76,12388864;8,667496404;157;1545;84;(10-5);28;Cordoba;Monteria;Caribe;BajoSinu;TENERIFE;;Cordoba - 
13050030;LOMA VERDE [13050030];-76,17527662;8,501947722;88;1567;94;(9-5);10;Cordoba;Monteria;Caribe;BajoSinu;LOMA VERDE;;Cordoba - 
13050040;TRES PIEDRAS [13050040];-75,9666698;8,450004051;25;1587;7;(9-5);10;Cordoba;Monteria;Caribe;MedioSinu;CURRAYAO;;Cordoba - 
13055010;VORAGINE LA [13055010];-76,0333301;8,599999759;24;1587;12;(10-5);28;Cordoba;Monteria;Caribe;BajoSinu;EL GUINEO;;Cordoba - 
13055030;GALAN [13055030];-75,97250398;8,659162148;20;1588;58;(10-5);28;Cordoba;Monteria;Caribe;MedioSinu;JARAQUIEL;;Cordoba - 
13060010;SAN ANTERITO [13060010];-75,8611141;8,557774064;64;1574;87;(10-5);28;Cordoba;Monteria;Caribe;MedioSinu;SAN ANTERITO;;Cordoba - 
13060020;BUENOS AIRES [13060020];-75,76528142;8,475829872;52;1578;97;(9-5);10;Cordoba;Monteria;Caribe;MedioSinu;BUENOS AIRES;;Cordoba - 
13065010;TORPEZA LA [13065010];-75,96666946;8,433330246;27;1586;16;(9-5);10;Cordoba;Monteria;Caribe;MedioSinu;TRES PIEDRAS;;Cordoba - 
13065020;MARACAYO [13065020];-75,87999711;8,409998866;18;1589;74;(9-5);10;Cordoba;Monteria;Caribe;MedioSinu;MARACAYO;;Cordoba - 
13070070;BOCA DE LA CEIBA [13070070];-75,85611169;8,829919942;17;1589;98;(10-5);28;Cordoba;Monteria;Caribe;BajoSinu;LA CEIBA;;Cordoba - 
13070130;CALIFORNIA [13070130];-75,83333079;8,783329178;12;1591;52;(10-5);28;Cordoba;Monteria;Caribe;BajoSinu;EL TAPAO;;Cordoba - 
13070150;MOCARI [13070150];-75,86666659;8,799996124;13;1590;51;(10-5);28;Cordoba;Monteria;Caribe;BajoSinu;PICA PICA;;Cordoba - 
13070220;FLOR DEL SINU [13070220];-75,85000364;8,816662395;15;1590;47;(10-5);28;Cordoba;Monteria;Caribe;BajoSinu;LA CEIBA;;Cordoba - 
13070230;HORIZONTE [13070230];-75,86666477;8,766664184;19;1589;51;(10-5);28;Cordoba;Monteria;Caribe;BajoSinu;;;Cordoba - 
13070260;LAMAS 3 [13070260];-75,85000343;8,733331322;12;1591;45;(10-5);28;Cordoba;Monteria;Caribe;BajoSinu;LOS PERICOS;;Cordoba - 
13070270;MONTERIA [13070270];-75,84183783;8,826530647;15;1590;49;(10-5);28;Cordoba;Monteria;Caribe;BajoSinu;LA CEIBA;;Cordoba - 
13070280;SABANAL [13070280];-75,75138722;8,78860938;11;1591;80;(10-5);28;Cordoba;Monteria;Caribe;BajoSinu;EL HATO;;Cordoba - 
13070290;TAMPA [13070290];-75,76721862;8,624720892;36;1583;61;(10-5);28;Cordoba;Monteria;Caribe;BajoSinu;PUEBLO NUEVO;;Cordoba - 
13070340;PALMA DE VINO [13070340];-75,80000242;8,733333482;9;1592;43;(10-5);28;Cordoba;Monteria;Caribe;BajoSinu;EL CERRITO;;Cordoba - 
13075050;UNIV DE CORDOBA [13075050];-75,8615316;8,793889392;14;1590;61;(10-5);28;Cordoba;Monteria;Caribe;BajoSinu;;;Cordoba - 
13075060;MONTERIA [13075060];-75,88333431;8,749998022;18;1589;2;(10-5);28;Cordoba;Monteria;Caribe;BajoSinu;;;Cordoba - 
23205040;MORALES-LA CRUZ [23205040];-73,86666501;8,283332418;40;1582;32;(9-10);4;Bolivar;Morales;MagdalenaCauca;DirectosalMagdalena(BrazoMorales);VEREDAS DE LA CABECERA;;Bolivar - 
21250050;ALTO DEL OSO [21250050];-75,2500002;4,850001526;3559;782;59;(1-7);23;Tolima;Murillo;MagdalenaCauca;RioLagunillayOtrosDirectosalMagdalena;ALFOMBRALES;;Tolima - 
21250480;SANTA BARBARA [21250480];-75,22019129;4,906613263;3315;821;62;(2-7);24;Tolima;Murillo;MagdalenaCauca;RioLagunillayOtrosDirectosalMagdalena;SANTA BARBARA;;Tolima - 
21255170;MURILLO - AUT [21255170];-75,17327881;4,870556202;2994;876;98;(1-7);23;Tolima;Murillo;MagdalenaCauca;RioLagunillayOtrosDirectosalMagdalena;;;Tolima - 
11100030;MURINDO [11100030];-76,75000316;7,000000781;25;1587;8;(6-3);4;Antioquia;Murindo;Caribe;DarienRioMurindoDirectosalAtrato;CANAL;URABA;Antioquia - Urabá
11105010;MURINDO [11105010];-76,74999942;6,966668634;15;1590;15;(6-3);4;Antioquia;Murindo;Caribe;DarienRioMurindoDirectosalAtrato;MURINDO VIEJO;URABA;Antioquia - Urabá
12010150;VILLA ARTEAGA [12010150];-76,61666748;7,449996081;27;1586;0;(7-4);3;Antioquia;Mutata;Caribe;LitoralRioLeon;MONTERIA LEON;URABA;Antioquia - Urabá
12015010;VILLARTEAGA [12015010];-76,48602917;7,334662592;144;1549;64;(7-4);3;Antioquia;Mutata;Caribe;LitoralRioLeon;CAUCHERAS;URABA;Antioquia - Urabá
23120050;MUZO [23120050];-74,10122611;5,534804343;847;1346;94;(3-9);15;Boyaca;Muzo;MagdalenaCauca;RioCarare(Minero);;;Boyaca - 
25020310;NECHI [25020310];-74,83333519;8,100003523;32;1584;1;(9-7);4;Antioquia;Nechi;MagdalenaCauca;CaucaSanJorgeLaMojana;CAÑO PESCADO;Bajo Cauca;Antioquia - Bajo Cauca
25020540;PATIO BONITO [25020540];-74,70610731;8,031115011;36;1583;77;(8-8);7;Antioquia;Nechi;MagdalenaCauca;BajoNechi(md);LA TRINIDAD;Bajo Cauca;Antioquia - Bajo Cauca
25021480;ESPERANZA LA RADIO [25021480];-74,78999813;8,02999872;41;1582;82;(8-8);7;Antioquia;Nechi;MagdalenaCauca;DirectosalBajoNechi(mi);HOYO GRANDE;Bajo Cauca;Antioquia - Bajo Cauca
25025140;NECHI [25025140];-74,76666284;8,099999257;63;1575;32;(9-8);16;Antioquia;Nechi;MagdalenaCauca;BajoNechi(md);SANTA MARIA;Bajo Cauca;Antioquia - Bajo Cauca
27030040;GUAMO EL [27030040];-74,81400044;7,904415075;35;1583;89;(8-8);7;Antioquia;Nechi;MagdalenaCauca;DirectosalBajoNechi(mi);EL GUAMO;Bajo Cauca;Antioquia - Bajo Cauca
27040040;NECHI [27040040];-74,76944592;8,097165166;44;1581;28;(9-8);16;Antioquia;Nechi;MagdalenaCauca;BajoNechi(md);SANTA MARIA;Bajo Cauca;Antioquia - Bajo Cauca
12025020;CARIBIA [12025020];-76,68333152;8,499996467;44;1581;13;(9-3);7;Antioquia;Necocli;Caribe;LitoralRioMulatosyotrosdirectosalCaribe;CARIBIA;URABA;Antioquia - Urabá
12025030;MELLITO EL [12025030];-76,67336144;8,542663139;49;1579;62;(10-3);1;Antioquia;Necocli;Caribe;LitoralRioMulatosyotrosdirectosalCaribe;EL MELLITO ALTO;URABA;Antioquia - Urabá
26160100;NEIRA [26160100];-75,51844781;5,163167108;1964;1076;91;(2-6);13;Caldas;Neira;MagdalenaCauca;RioTapiasyotrosdirectosalCauca;;;Caldas - 
26160120;CRISTALINA LA [26160120];-75,43577932;5,192198458;2384;990;92;(2-6);13;Caldas;Neira;MagdalenaCauca;RioTapiasyotrosdirectosalCauca;CRISTALINA;;Caldas - 
23060260;CHILAGUA FINCA [23060260];-74,382027;5,064639075;1051;1292;64;(2-8);12;Cundinamarca;Nocaima;MagdalenaCauca;RioNegro;JAGUAL;;Cundinamarca - 
23050250;NORCASIA RADIO [23050250];-74,89169346;5,574471229;771;1367;74;(3-7);5;Caldas;Norcasia;MagdalenaCauca;RioLaMiel(Samana);;;Caldas - 
54020020;NOVITA [54020020];-76,60555486;4,9556945;50;1579;95;(2-4);4;Choco;Novita;Pacifico;RioTamanayotrosDirectosSanJuan;;;Choco - 
56010040;NUQUI [56010040];-77,2658292;5,708057141;3;1594;33;(3-2);1;Choco;Nuqui;Pacifico;DirectosPacificoFronteraPanama;SIN DEFINIR;;Choco - 
26100300;OBANDO [26100300];-75,9658364;4,588606616;948;1319;96;(1-5);14;ValledelCauca;Obando;MagdalenaCauca;RiosLasCaiÃ‚Â±asLosMicosyObando;GACHIMBAL;;ValledelCauca - 
26230010;OLAYA [26230010];-75,81088617;6,628719018;542;1431;88;(5-5);18;Antioquia;Olaya;MagdalenaCauca;DirectosRioCaucaentreRioSanJuanyPtoValdivia;EL PENCAL;Occidente;Antioquia - Occidente
23120260;OTANCHE [23120260];-74,18461549;5,661724979;1078;1285;10;(3-9);15;Boyaca;Otanche;MagdalenaCauca;RioCarare(Minero);CENTRO;;Boyaca - 
23125080;OTANCHE [23125080];-74,18461549;5,661724979;1078;1285;88;(3-9);15;Boyaca;Otanche;MagdalenaCauca;RioCarare(Minero);CENTRO;;Boyaca - 
23060270;CABRERA LA [23060270];-74,1500014;5,133336134;1919;1086;5;(2-9);6;Cundinamarca;Pacho;MagdalenaCauca;RioNegro;LA CABRERA;;Cundinamarca - 
23065120;CABRERA LA [23065120];-74,13935803;5,141553094;1892;1092;86;(2-9);6;Cundinamarca;Pacho;MagdalenaCauca;RioNegro;LA CABRERA;;Cundinamarca - 
26160090;PACORA PLAZA FERIA [26160090];-75,45508188;5,522443302;1821;1108;95;(3-6);20;Caldas;Pacora;MagdalenaCauca;RioTapiasyotrosdirectosalCauca;LA MARGARITA;;Caldas - 
23120240;PAIME [23120240];-74,15463585;5,371389986;1008;1303;98;(3-9);15;Cundinamarca;Paime;MagdalenaCauca;RioCarare(Minero);;;Cundinamarca - 
26150060;ARAUCA [26150060];-75,70166855;5,108524673;887;1335;96;(2-6);13;Caldas;Palestina;MagdalenaCauca;RioOtunyotrosdirectosalCauca;EL CACIQUE;;Caldas - 
26155120;AEROPUERTO SANTAGUEDA [26155120];-75,68333344;5,08333378;1024;1299;26;(2-6);13;Caldas;Palestina;MagdalenaCauca;RioChinchina;EL CACIQUE;;Caldas - 
24050080;PALMAR EL [24050080];-73,28333271;6,549999673;644;1402;20;(5-11);13;Santander;Palmar;MagdalenaCauca;RioSuarez;CENTRO;;Santander - 
24055040;PALMAR EL [24055040];-73,2920014;6,549723219;801;1358;69;(5-11);13;Santander;Palmar;MagdalenaCauca;RioSuarez;CENTRO;;Santander - 
23120140;PAUNA [23120140];-73,98333302;5,650003222;1153;1266;41;(3-9);15;Boyaca;Pauna;MagdalenaCauca;RioCarare(Minero);HONDA Y VOLCAN;;Boyaca - 
23125090;PAUNA [23125090];-73,98102881;5,649473242;1188;1257;54;(3-9);15;Boyaca;Pauna;MagdalenaCauca;RioCarare(Minero);HONDA Y VOLCAN;;Boyaca - 
23050230;SAN JOSE PENSILVAN [23050230];-75,14916581;5,374306788;1991;1071;84;(3-7);5;Caldas;Pensilvania;MagdalenaCauca;RioLaMiel(Samana);SAN JOSE;;Caldas - 
23085110;PENOL EL [23085110];-75,24130178;6,214222317;2017;1065;87;(4-7);13;Antioquia;Peñol;MagdalenaCauca;RioNare;GUAMITO;Oriente;Antioquia - Oriente
26220050;CUMBRE LA [26220050];-75,93333122;7,033330384;1883;1094;63;(6-5);8;Antioquia;Peque;MagdalenaCauca;DirectosRioCaucaentreRioSanJuanyPtoValdia;GUAYABAL;Occidente;Antioquia - Occidente
26130180;SAN ISIDRO [26130180];-75,85833216;4,800968366;1170;1262;97;(1-5);14;Risaralda;Pereira;MagdalenaCauca;RioLaVieja;CARRITOS;;Risaralda - 
26130220;MARACAY [26130220];-75,84305141;4,812168596;1188;1257;81;(1-5);14;Risaralda;Pereira;MagdalenaCauca;RioOtunyotrosdirectosalCauca;CARRITOS;;Risaralda - 
26130570;NUEVO LIBARE [26130570];-75,64583238;4,782054022;1526;1175;30;(1-6);24;Risaralda;Pereira;MagdalenaCauca;RioOtunyotrosdirectosalCauca;LA FLORIDA;;Risaralda - 
26135040;AEROPUERTO MATECANA [26135040];-75,73721922;4,815857084;1353;1216;98;(1-5);14;Risaralda;Pereira;MagdalenaCauca;RioOtunyotrosdirectosalCauca;;;Risaralda - 
26135080;UNIV PEREIRA-UTP [26135080];-75,70000064;4,799995511;1343;1219;3;(1-6);24;Risaralda;Pereira;MagdalenaCauca;RioLaVieja;;;Risaralda - 
26135100;BOHEMIA LA [26135100];-75,87755308;4,878026038;964;1315;89;(1-5);14;Risaralda;Pereira;MagdalenaCauca;RioOtunyotrosdirectosalCauca;CAIMALITO;;Risaralda - 
26135140;LAGUNA LA [26135140];-75,41249806;4,776414625;3913;729;38;(1-6);24;Risaralda;Pereira;MagdalenaCauca;RioOtunyotrosdirectosalCauca;LA FLORIDA;;Risaralda - 
26135330;LA LAGUNA DEL OTUN - AUT [26135330];-75,41249787;4,776360372;3913;729;0;(1-6);24;Risaralda;Pereira;MagdalenaCauca;RioOtunyotrosdirectosalCauca;LA FLORIDA;;Risaralda - 
23190330;BUENAVISTA [23190330];-73,0499969;6,999999391;1042;1294;3;(6-11);27;Santander;Piedecuesta;MagdalenaCauca;RioLebrijayotrosdirectosalMagdalena;;;Santander - 
23190430;PIEDECUESTA [23190430];-73,05000419;6,983330053;993;1307;4;(6-11);27;Santander;Piedecuesta;MagdalenaCauca;RioLebrijayotrosdirectosalMagdalena;;;Santander - 
23190700;PIEDECUESTA GRANJA [23190700];-73,06777563;6,993336674;949;1319;98;(6-11);27;Santander;Piedecuesta;MagdalenaCauca;RioLebrijayotrosdirectosalMagdalena;GUATIGUARA;;Santander - 
23197190;PIEDECUESTA [23197190];-73,03333009;6,983331526;1233;1246;3;(6-11);27;Santander;Piedecuesta;MagdalenaCauca;RioLebrijayotrosdirectosalMagdalena;LAS AMARILLAS;;Santander - 
24025020;CUCHARO EL [24025020];-73,19917053;6,532221236;973;1312;94;(5-11);13;Santander;Pinchote;MagdalenaCauca;RioFonce;PIEDRA DEL SOL;;Santander - 
25020380;PINILLOS [25020380];-74,4577741;8,911391202;19;1589;10;(10-8);14;Bolivar;Pinillos;MagdalenaCauca;DirectosBajoMagdalenaentreElBancoyElPlato;;;Bolivar - 
25021280;COYONGAL [25021280];-74,51000226;8,969998127;14;1590;76;(10-8);14;Bolivar;Pinillos;MagdalenaCauca;DirectosBajoMagdalenaentreElBancoyElPlato;SANTA COA;;Bolivar - 
25025210;PINILLOS [25025210];-74,4577741;8,911391202;19;1589;84;(10-8);14;Bolivar;Pinillos;MagdalenaCauca;DirectosBajoMagdalenaentreElBancoyElPlato;;;Bolivar - 
25015010;CENTRO ALEGRE [25015010];-75,63227629;8,180777212;94;1565;82;(9-6);6;Cordoba;PlanetaRica;MagdalenaCauca;CaucaSanJorgeLaMojana;SANTANA;;Cordoba - 
25021550;PLANETA RICA [25021550];-75,56666689;8,416662775;64;1574;8;(9-6);6;Cordoba;PlanetaRica;MagdalenaCauca;CaucaSanJorgeLaMojana;NARANJAL;;Cordoba - 
25025190;PLANETA RICA - AUT [25025190];-75,58371992;8,399329545;82;1569;77;(9-6);6;Cordoba;PlanetaRica;MagdalenaCauca;CaucaSanJorgeLaMojana;PAMPLONA;;Cordoba - 
25020600;SAJONIA HACIENDA - AUT [25020600];-75,60139261;8,489721553;109;1560;65;(9-6);6;Cordoba;PuebloNuevo;MagdalenaCauca;CaucaSanJorgeLaMojana;EL BRAZAL;;Cordoba - 
25020710;CINTURA [25020710];-75,27389156;8,420003755;21;1588;90;(9-6);6;Cordoba;PuebloNuevo;MagdalenaCauca;CaucaSanJorgeLaMojana;SIN DEFINIR;;Cordoba - 
54010020;LINEA LA PORVENIR [54010020];-75,97941522;5,171555204;1976;1074;93;(2-5);17;Risaralda;PuebloRico;MagdalenaCauca;RioRisaralda;CIAT;;Risaralda - 
54015010;PUEBLO RICO - AUT [54015010];-76,03163547;5,233441247;1476;1187;72;(2-5);17;Risaralda;PuebloRico;Pacifico;RioSanJuanAlto;SANTA E;;Risaralda - 
26170150;PUEBLORRICO [26170150];-75,8388089;5,791055886;1813;1109;98;(3-5);11;Antioquia;Pueblorrico;MagdalenaCauca;RioFRioyOtrosDirectosalCauca;;SUROESTE;Antioquia - Suroeste
23090020;VIRGINIAS [23090020];-74,68180177;6,393555033;620;1409;84;(5-8);9;Antioquia;PuertoBerRio;MagdalenaCauca;RioSanBartoloyotrosdirectosalMagdalenaMedio;VIRGINIAS;Magdalena medio;Antioquia - Magdalena medio
23090040;PUERTO BERRIO [23090040];-74,39999688;6,499997784;97;1564;14;(5-8);9;Antioquia;PuertoBerRio;MagdalenaCauca;RioSanBartoloyotrosdirectosalMagdalenaMedio;EL JARDIN;Magdalena medio;Antioquia - Magdalena medio
23090080;PUERTO BERRIO [23090080];-74,39999688;6,499997784;97;1564;0;(5-8);9;Antioquia;PuertoBerRio;MagdalenaCauca;RioSanBartoloyotrosdirectosalMagdalenaMedio;EL JARDIN;Magdalena medio;Antioquia - Magdalena medio
23090090;POZOS LOS [23090090];-74,38333506;6,499998379;104;1562;13;(5-8);9;Antioquia;PuertoBerRio;MagdalenaCauca;DirectosalMagdalenaMedioentreRiosNegro;PUERTO OLAYA;;Antioquia - 
23090100;SAN JUAN BEDUTH [23090100];-74,44999896;6,599997215;152;1547;32;(5-8);9;Antioquia;PuertoBerRio;MagdalenaCauca;RioSanBartoloyotrosdirectosalMagdalenaMedio;SAN JUAN DE BEDOUT;Magdalena medio;Antioquia - Magdalena medio
23090110;MURILLO [23090110];-74,39528109;6,603057524;118;1557;69;(5-8);9;Antioquia;PuertoBerRio;MagdalenaCauca;RioSanBartoloyotrosdirectosalMagdalenaMedio;SAN JUAN DE BEDOUT;Magdalena medio;Antioquia - Magdalena medio
23095010;AEROPUERTO PUERTO BERRIO [23095010];-74,41221938;6,46499685;106;1561;72;(5-8);9;Antioquia;PuertoBerRio;MagdalenaCauca;RioSanBartoloyotrosdirectosalMagdalenaMedio;MALENA;Magdalena medio;Antioquia - Magdalena medio
23100050;BODEGA LA [23100050];-74,40999729;6,715832539;147;1548;46;(6-8);8;Antioquia;PuertoBerRio;MagdalenaCauca;RioSanBartoloyotrosdirectosalMagdalenaMedio;SAN BARTOLO;Magdalena medio;Antioquia - Magdalena medio
23110010;PUERTO BOYACA [23110010];-74,60000029;5,949998996;139;1551;1;(4-8);6;Boyaca;PuertoBoyaca;MagdalenaCauca;DirectosalMagdalenaMedioentreRiosNegro;PUERTO NINO;;Boyaca - 
23110030;PUERTO NINO [23110030];-74,4217769;5,937531302;186;1536;88;(4-8);6;Boyaca;PuertoBoyaca;MagdalenaCauca;DirectosalMagdalenaMedioentreRiosNegro;LA PIZARRA;;Boyaca - 
23110040;TRIQUE EL [23110040];-74,56834458;5,880892192;149;1548;87;(4-8);6;Boyaca;PuertoBoyaca;MagdalenaCauca;DirectosalMagdalenaMedioentreRiosNegro;EL PESCADO;;Boyaca - 
23115010;PUERTO BOYACA [23115010];-74,56666811;5,978329131;140;1551;73;(4-8);6;Boyaca;PuertoBoyaca;MagdalenaCauca;DirectosalMagdalenaMedioentreRiosNegro;PUERTO NINO;;Boyaca - 
12040010;JARAMAGAL [12040010];-76,22083658;8,9008352;56;1577;88;(10-4);5;Cordoba;PuertoEscondido;Caribe;LitoralRioCanaleteyotrosArroyosDirectosalCaribe;LA Caña DE CANALETE;;Cordoba - 
12045020;CRISTO REY - AUT [12045020];-76,22444204;9,071113723;9;1592;86;(11-4);1;Cordoba;PuertoEscondido;Caribe;LitoralRioCanaleteyotrosArroyosDirectosalCaribe;CRISTO REY;;Cordoba - 
25010010;PUERTO LIBERTADOR [25010010];-75,67999628;7,890274586;54;1577;59;(8-6);10;Cordoba;PuertoLibertador;MagdalenaCauca;CaucaAltoSanJorge;CABECERA;;Cordoba - 
25010110;ACACIAS LAS HACIENDA [25010110];-75,6472213;8,006111987;51;1578;68;(8-6);10;Cordoba;PuertoLibertador;MagdalenaCauca;CaucaAltoSanJorge;MORALITO;;Cordoba - 
23080720;CANTERAS [23080720];-74,67433406;6,276170931;165;1543;64;(5-8);9;Antioquia;PuertoNare;MagdalenaCauca;RioNare;CANTERAS;Magdalena medio;Antioquia - Magdalena medio
23125040;CAMPO CAPOTE [23125040];-73,92055825;6,616114133;120;1557;87;(5-9);8;Santander;PuertoParra;MagdalenaCauca;RioOpon;CAMPO CAPOTE;;Santander - 
23125050;CARARE [23125050];-74,06138504;6,649447561;95;1565;83;(5-9);8;Santander;PuertoParra;MagdalenaCauca;RioCarare(Minero);;;Santander - 
23030010;ESPERANZA LA HACIENDA [23030010];-74,63333526;5,466669405;214;1528;5;(3-8);10;Cundinamarca;PuertoSalgar;MagdalenaCauca;DirectosalMagdalenaentreRiosSecoyNegro(md);AREA URBANA;;Cundinamarca - 
23035020;AEROPUERTO PALANQUERO [23035020];-74,65472528;5,471387284;169;1542;73;(3-8);10;Cundinamarca;PuertoSalgar;MagdalenaCauca;DirectosalMagdalenaentreRiosSecoyNegro(md);AREA URBANA;;Cundinamarca - 
23060150;PUERTO LIBRE [23060150];-74,62733705;5,758280303;160;1544;87;(3-8);10;Cundinamarca;PuertoSalgar;MagdalenaCauca;RioNegro;EL GUAYABO;;Cundinamarca - 
23180020;PUERTO WILCHES [23180020];-73,89305258;7,348614623;62;1575;98;(7-10);18;Santander;PuertoWilches;MagdalenaCauca;RioLebrijayotrosdirectosalMagdalena;CENTRO;;Santander - 
23180100;SITIO NUEVO [23180100];-73,80083693;7,78333389;51;1578;90;(8-10);4;Santander;PuertoWilches;MagdalenaCauca;RioLebrijayotrosdirectosalMagdalena;SITIO NUEVO;;Santander - 
23180110;PATURIA [23180110];-73,82527838;7,586113377;59;1576;89;(7-10);18;Santander;PuertoWilches;MagdalenaCauca;RioLebrijayotrosdirectosalMagdalena;PATURIA;;Santander - 
23180120;COQUERA LA [23180120];-73,91917005;7,222780911;72;1572;88;(7-9);5;Santander;PuertoWilches;MagdalenaCauca;RioLebrijayotrosdirectosalMagdalena;EL PEDRAL;;Santander - 
24065010;BRISAS LAS HACIENDA [24065010];-73,79000373;7,246114997;88;1567;83;(7-10);18;Santander;PuertoWilches;MagdalenaCauca;RioSogamoso;PUENTE SOGAMOSO;;Santander - 
11040010;TUTUNENDO [11040010];-76,5378063;5,743610284;52;1578;98;(3-4);5;Choco;Quibdo;Caribe;DarienRioBebaramayotrosDirectosAtrato(md);TUTUNUENDO;;Choco - 
11045010;AEROPUERTO EL CARANO [11045010];-76,64377331;5,690558246;56;1577;95;(3-3);7;Choco;Quibdo;Caribe;DarienRioCabiyotrosDirectosAtrato(md);SAN FRANCISCO DE QUIBDO;;Choco - 
11045030;HUAPANGO [11045030];-76,63333738;5,69999947;53;1578;5;(3-3);7;Choco;Quibdo;Caribe;DarienRioCabiyotrosDirectosAtrato(md);SIN DEFINIR;;Choco - 
11050010;TAGACHI [11050010];-76,72702476;6,221776975;17;1589;97;(4-3);4;Choco;Quibdo;Caribe;DarienDirectosAtratoentreRiosBebaramayMurri(md);TAGACHI;;Choco - 
11050040;CALAORRA [11050040];-76,84999962;5,766666189;57;1576;28;(3-3);7;Choco;Quibdo;Caribe;DarienDirectosAtratoentreRiosQuitoyBojaya(mi);SIN DEFINIR;;Choco - 
26170250;IRRA [26170250];-75,66666484;5,266662751;764;1369;29;(2-6);13;Risaralda;Quinchia;MagdalenaCauca;RioTapiasyotrosdirectosalCauca;TAPIAS;;Risaralda - 
26170260;GUERRERITO [26170260];-75,66497667;5,281053388;756;1371;80;(2-6);13;Risaralda;Quinchia;MagdalenaCauca;RioFRioyOtrosDirectosalCauca;IRRA;;Risaralda - 
23125140;AEROPUERTO FURATENA - AUT [23125140];-74,18241782;5,520831371;1222;1249;55;(3-9);15;Boyaca;Quipama;MagdalenaCauca;RioCarare(Minero);;;Boyaca - 
23175020;AEROPUERTO OTU [23175020];-74,71630742;7,011752208;628;1406;93;(6-8);8;Antioquia;Remedios;MagdalenaCauca;RioCimitarrayotrosdirectosalMagdalena;OTU;Nordeste;Antioquia - Nordeste
27010680;MACARENA LA HACIENDA [27010680];-74,84999572;7,050002296;507;1441;5;(6-7);10;Antioquia;Remedios;MagdalenaCauca;RioPorce;MATA EL SILENCIO;Nordeste;Antioquia - Nordeste
27030080;CRUZADA LA [27030080];-74,71505658;7,068056665;715;1382;77;(6-8);8;Antioquia;Remedios;MagdalenaCauca;BajoNechi(md);JUAN BRAN;Nordeste;Antioquia - Nordeste
27030240;PUENTE BAGRE [27030240];-74,59999916;7,116663602;221;1526;30;(6-8);8;Antioquia;Remedios;MagdalenaCauca;BajoNechi(md);BOMINAS;Nordeste;Antioquia - Nordeste
23190580;SAN DANIEL HACIENDA [23190580];-73,61877796;8,088751385;80;1569;75;(9-10);4;Cesar;RioDeOro;MagdalenaCauca;RioLebrijayotrosdirectosalMagdalena;CRUCE DE PATIÑO;;Cesar - 
23085260;LA SELVA - AUT [23085260];-75,41455152;6,131918805;2117;1044;81;(4-6);19;Antioquia;Rionegro;MagdalenaCauca;RioNare;TRES PUERTAS;Oriente;Antioquia - Oriente
23085270;AEROPUERTO J.M. CORDOVA - AUT [23085270];-75,43000064;6,169996657;2139;1039;74;(4-6);19;Antioquia;Rionegro;MagdalenaCauca;RioNare;AEROPUERTO;Oriente;Antioquia - Oriente
23190240;CNO SIETE [23190240];-73,44999946;7,399998359;118;1557;11;(7-11);18;Santander;Rionegro;MagdalenaCauca;RioLebrijayotrosdirectosalMagdalena;CRUCE ROBLEDO;;Santander - 
23190250;CAMPOHERMOSO [23190250];-73,43333417;7,433333917;101;1563;15;(7-11);18;Santander;Rionegro;MagdalenaCauca;RioLebrijayotrosdirectosalMagdalena;VENECIA;;Santander - 
23190310;SAN IGNACIO [23190310];-73,1500029;7,233337857;655;1399;3;(7-11);18;Santander;Rionegro;MagdalenaCauca;RioLebrijayotrosdirectosalMagdalena;ALTO DE PAJA;;Santander - 
23190350;LLANO DE PALMAS [23190350];-73,19536087;7,240134898;789;1362;99;(7-11);18;Santander;Rionegro;MagdalenaCauca;RioLebrijayotrosdirectosalMagdalena;LLANO DE PALMAS;;Santander - 
23190360;PORTACHUELO [23190360];-73,1649988;7,328053155;777;1365;95;(7-11);18;Santander;Rionegro;MagdalenaCauca;RioLebrijayotrosdirectosalMagdalena;PORTACHUELO;;Santander - 
23190460;PAPAYAL [23190460];-73,64888652;7,61555844;59;1576;80;(7-10);18;Santander;Rionegro;MagdalenaCauca;RioLebrijayotrosdirectosalMagdalena;PUERTO ARTURO;;Santander - 
23190470;PALMERAS HACIENDA [23190470];-73,5333349;7,550002443;78;1570;13;(7-10);18;Santander;Rionegro;MagdalenaCauca;RioLebrijayotrosdirectosalMagdalena;TALADRO;;Santander - 
23190550;SAMARKANDA [23190550];-73,53333013;7,69999792;62;1575;2;(8-10);4;Santander;Rionegro;MagdalenaCauca;RioLebrijayotrosdirectosalMagdalena;PACHO DIAZ;;Santander - 
23190570;TAMBOR EL HACIENDA [23190570];-73,25000191;7,299997075;375;1479;10;(7-11);18;Santander;Rionegro;MagdalenaCauca;RioLebrijayotrosdirectosalMagdalena;TAMBOR;;Santander - 
23195070;MAGARA [23195070];-73,58333069;7,59999708;69;1573;0;(7-10);18;Santander;Rionegro;MagdalenaCauca;RioLebrijayotrosdirectosalMagdalena;SAN RAFAEL;;Santander - 
26255030;SANTA ISABEL VALDIVIA - AUT [26255030];-75,4400011;6,15999587;2162;1035;6;(4-6);19;Antioquia;Rionegro;MagdalenaCauca;RioNare;LA CONVENCION;Oriente;Antioquia - Oriente
11030040;PAIMADO [11030040];-76,74086496;5,481608133;37;1583;76;(3-3);7;Choco;RioQuito(Paimado);Caribe;DarienRioQuito;SIN DEFINIR;;Choco - 
11035020;SAN ISIDRO [11035020];-76,74971985;5,626165172;36;1583;72;(3-3);7;Choco;RioQuito(Paimado);Caribe;DarienRioQuito;SIN DEFINIR;;Choco - 
11120010;SALAQUI [11120010];-77,2833303;7,433337206;10;1591;10;(7-2);4;Choco;Riosucio;Caribe;DarienRioSalaquiyotrosdirectosBajoAtrato;SIN DEFINIR;;Choco - 
11120040;RIOSUCIO [11120040];-77,115281;7,439444152;3;1594;80;(7-2);4;Choco;Riosucio;Caribe;DarienRioSucio;SIN DEFINIR;;Choco - 
11125010;TERESITA LA [11125010];-77,49999623;7,00000369;89;1566;38;(6-2);2;Choco;Riosucio;Caribe;DarienRioSalaquiyotrosdirectosBajoAtrato;SIN DEFINIR;;Choco - 
11130020;HONDA LA [11130020];-77,12555683;7,576669899;5;1593;71;(7-2);4;Choco;Riosucio;Caribe;DarienRioSalaquiyotrosdirectosBajoAtrato;SIN DEFINIR;;Choco - 
11130030;SAUTATA [11130030];-77,16666603;7,866665061;222;1525;2;(8-2);3;Choco;Riosucio;Caribe;DarienRioTanelayotrosDirectosalCaribe;PUEBLO REGADO;;Choco - 
11135010;SAUTATA [11135010];-77,11666909;7,849999602;8;1592;53;(8-2);3;Choco;Riosucio;Caribe;DarienRioTanelayotrosDirectosalCaribe;SIN DEFINIR;;Choco - 
11135020;BALSA LA [11135020];-77,20000229;7,516666905;4;1593;11;(7-2);4;Choco;Riosucio;Caribe;DarienRioSalaquiyotrosdirectosBajoAtrato;SIN DEFINIR;;Choco - 
11145010;BAJIRA [11145010];-76,66666927;7,383329919;26;1586;15;(7-3);4;Choco;Riosucio;Caribe;DarienRioSucio;LOS CEDROS;URABA;Choco - Urabá
26170290;RIOSUCIO [26170290];-75,73025023;5,424776554;1938;1082;68;(3-5);11;Caldas;Riosucio;MagdalenaCauca;RioFRioyOtrosDirectosalCauca;PUEBLO VIEJO;;Caldas - 
26175010;RIOSUCIO [26175010];-75,69999747;5,433328901;1789;1115;2;(3-6);20;Caldas;Riosucio;MagdalenaCauca;RioFRioyOtrosDirectosalCauca;LAS MINAS;;Caldas - 
26175020;INSTITUCION LOS FUNDADORE [26175020];-75,71666771;5,433335432;1682;1139;14;(3-5);11;Caldas;Riosucio;MagdalenaCauca;RioFRioyOtrosDirectosalCauca;SANTA CECILIA;;Caldas - 
26175050;RIOSUCIO [26175050];-75,69999747;5,433328901;1789;1115;8;(3-6);20;Caldas;Riosucio;MagdalenaCauca;RioFRioyOtrosDirectosalCauca;LAS MINAS;;Caldas - 
25025220;NOROSI [25025220];-74,05000209;8,533336944;128;1554;44;(10-9);3;Bolivar;Rioviejo;MagdalenaCauca;DirectosalMagdalena(BrazoMorales);SIN DEFINIR;;Bolivar - 
26170270;MARGARITA LA [26170270];-75,71666771;5,133330716;1022;1300;18;(2-5);17;Caldas;Risaralda;MagdalenaCauca;RioFRioyOtrosDirectosalCauca;LA PERLA;;Caldas - 
23180030;CASA NUEVA [23180030];-73,54999906;7,533331692;76;1570;53;(7-10);18;Santander;SabanaDeTorres;MagdalenaCauca;RioLebrijayotrosdirectosalMagdalena;IRLANDA;;Santander - 
23180040;PORVENIR EL [23180040];-73,48278189;7,452774624;96;1564;90;(7-10);18;Santander;SabanaDeTorres;MagdalenaCauca;RioLebrijayotrosdirectosalMagdalena;BOCAS DE LA TRIGRA;;Santander - 
23180050;ESTABLO EL [23180050];-73,59805961;7,54138555;73;1571;89;(7-10);18;Santander;SabanaDeTorres;MagdalenaCauca;RioLebrijayotrosdirectosalMagdalena;VILLA DE EVA;;Santander - 
23180060;RETIRADA LA [23180060];-73,56667103;7,516669423;68;1573;55;(7-10);18;Santander;SabanaDeTorres;MagdalenaCauca;RioLebrijayotrosdirectosalMagdalena;IRLANDA;;Santander - 
23180070;SABANA DE TORRES [23180070];-73,48944862;7,390002757;151;1547;96;(7-10);18;Santander;SabanaDeTorres;MagdalenaCauca;RioLebrijayotrosdirectosalMagdalena;;;Santander - 
23180080;ELOY VALENZUELA [23180080];-73,67833712;7,489446163;79;1570;90;(7-10);18;Santander;SabanaDeTorres;MagdalenaCauca;RioLebrijayotrosdirectosalMagdalena;VERACRUZ KM 80;;Santander - 
23185010;VILLA LEIVA [23185010];-73,53721872;7,45611432;85;1568;96;(7-10);18;Santander;SabanaDeTorres;MagdalenaCauca;RioLebrijayotrosdirectosalMagdalena;VILLA DE LEYVA;;Santander - 
23190210;MAGARA [23190210];-73,68139182;7,593330124;57;1576;61;(7-10);18;Santander;SabanaDeTorres;MagdalenaCauca;RioLebrijayotrosdirectosalMagdalena;MAGARA;;Santander - 
23190320;PROVINCIA [23190320];-73,43499919;7,402501776;127;1555;55;(7-11);18;Santander;SabanaDeTorres;MagdalenaCauca;RioLebrijayotrosdirectosalMagdalena;CANELO;;Santander - 
23190420;NORMA LA [23190420];-73,56666352;7,566664824;69;1573;44;(7-10);18;Santander;SabanaDeTorres;MagdalenaCauca;RioLebrijayotrosdirectosalMagdalena;VILLA DE EVA;;Santander - 
23190530;COOPERATIVA LA [23190530];-73,44999591;7,450003944;97;1564;40;(7-11);18;Santander;SabanaDeTorres;MagdalenaCauca;RioLebrijayotrosdirectosalMagdalena;VENECIA;;Santander - 
23190560;SAN RAFAEL [23190560];-73,55971813;7,574446833;74;1571;85;(7-10);18;Santander;SabanaDeTorres;MagdalenaCauca;RioLebrijayotrosdirectosalMagdalena;VILLA DE EVA;;Santander - 
23195120;SABANA DE TORRES [23195120];-73,39999633;7,4000008;109;1560;1;(7-11);18;Santander;SabanaDeTorres;MagdalenaCauca;RioLebrijayotrosdirectosalMagdalena;PTO SANTO;;Santander - 
23195170;PROVINCIA [23195170];-73,43499919;7,402501776;127;1555;32;(7-11);18;Santander;SabanaDeTorres;MagdalenaCauca;RioLebrijayotrosdirectosalMagdalena;CANELO;;Santander - 
24060040;AGUASCLARAS [24060040];-73,54805278;7,264170874;132;1553;87;(7-10);18;Santander;SabanaDeTorres;MagdalenaCauca;RioSogamoso;AGUAS CLARAS;;Santander - 
24060080;PAYOA 5 [24060080];-73,49083136;7,270281213;181;1538;70;(7-10);18;Santander;SabanaDeTorres;MagdalenaCauca;RioSogamoso;PAYOA CINCO;;Santander - 
26230190;ORO EL [26230190];-75,76666535;6,933331448;2333;1000;32;(6-5);8;Antioquia;Sabanalarga;MagdalenaCauca;DirectosRioCaucaentreRioSanJuanyPtoValdivia;EL ORO;Occidente;Antioquia - Occidente
26230200;SABANALARGA [26230200];-75,81480636;6,846003266;902;1331;88;(6-5);8;Antioquia;Sabanalarga;MagdalenaCauca;DirectosRioCaucaentreRioSanJuanyPtoValdivia;SAN CRISTOBAL PENA;Occidente;Antioquia - Occidente
24015360;SABOYA LA GRANJA [24015360];-73,75899801;5,696219436;2567;954;89;(3-10);3;Boyaca;Saboya;MagdalenaCauca;RioSuarez;EL RESGUARDO;;Boyaca - 
25020140;SAHAGUN - AUT [25020140];-75,44999998;8,949999023;83;1568;98;(10-6);13;Cordoba;Sahagun;Caribe;BajoSinu;;;Cordoba - 
25020720;JOBO EL TABLON [25020720];-75,38361313;8,637223833;94;1565;87;(10-6);13;Cordoba;Sahagun;MagdalenaCauca;CaucaSanJorgeLaMojana;VEREDA EL CRUCERO;;Cordoba - 
25021210;TREMENTINO [25021210];-75,46999591;8,819996369;136;1552;89;(10-6);13;Cordoba;Sahagun;MagdalenaCauca;CaucaSanJorgeLaMojana;VEREDA TREMENTINO;;Cordoba - 
25025170;COLOMBOY [25025170];-75,49883251;8,740863382;151;1547;85;(10-6);13;Cordoba;Sahagun;MagdalenaCauca;CaucaSanJorgeLaMojana;VEREDA COLOMBOY;;Cordoba - 
26160080;SALAMINA CONC BARC [26160080];-75,48930788;5,395446167;1834;1105;97;(3-6);20;Caldas;Salamina;MagdalenaCauca;RioTapiasyotrosdirectosalCauca;;;Caldas - 
26180250;VALLE ALTO - AUT [26180250];-75,31777686;5,34999732;3299;824;39;(2-6);13;Caldas;Salamina;MagdalenaCauca;RioArma;GUAYAQUIL;;Caldas - 
26180260;MIRANDA LA [26180260];-75,33358045;5,427171137;2923;888;32;(3-6);20;Caldas;Salamina;MagdalenaCauca;RioArma;EL CAÑON;;Caldas - 
26185040;SAN FELIX [26185040];-75,37533528;5,372943657;2850;902;93;(3-6);20;Caldas;Salamina;MagdalenaCauca;RioArma;EL CEDRAL;;Caldas - 
26120160;SALENTO [26120160];-75,56917047;4,636274965;1982;1073;82;(1-6);24;Quindio;Salento;MagdalenaCauca;RioLaVieja;;;Quindio - 
26210110;PENALISA [26210110];-75,86116645;5,934914477;558;1426;97;(4-5);12;Antioquia;Salgar;MagdalenaCauca;RioSanJuan;PEÑALISA;SUROESTE;Antioquia - Suroeste
23055040;SAMANA [23055040];-74,99921878;5,41944308;1486;1184;85;(3-7);5;Caldas;Samana;MagdalenaCauca;RioLaMiel(Samana);SEGOVIA;;Caldas - 
23055080;FLORENCIA [23055080];-75,05000186;5,533331871;1443;1195;18;(3-7);5;Caldas;Samana;MagdalenaCauca;RioLaMiel(Samana);SANTAMARIA;;Caldas - 
23190110;LIBANO EL [23190110];-73,42805244;7,838059384;100;1563;84;(8-11);5;Cesar;SanAlberto;MagdalenaCauca;RioLebrijayotrosdirectosalMagdalena;EL PESCADO;;Cesar - 
23190500;SAN ALBERTO [23190500];-73,38833439;7,759723954;119;1557;88;(8-11);5;Cesar;SanAlberto;MagdalenaCauca;RioLebrijayotrosdirectosalMagdalena;MONTERREY;;Cesar - 
23195140;LLANA LA [23195140];-73,53333561;7,733334121;62;1575;24;(8-10);4;Cesar;SanAlberto;MagdalenaCauca;RioLebrijayotrosdirectosalMagdalena;LOS TENDIDOS;;Cesar - 
26230110;SAN ANDRES [26230110];-75,66985676;6,909830442;1856;1100;98;(6-6);14;Antioquia;SanAndres;MagdalenaCauca;DirectosRioCaucaentreRioSanJuanyPtoValdivia;EL BARRO;Norte;Antioquia - Norte
26230130;CRUCES ARRIBA [26230130];-75,60961111;6,887192617;2778;915;94;(6-6);14;Antioquia;SanAndres;MagdalenaCauca;DirectosRioCaucaentreRioSanJuanyPtoValdivia;CRUCES;Norte;Antioquia - Norte
26230240;ABERTURA LA [26230240];-75,70483695;6,900195529;2529;961;47;(6-6);14;Antioquia;SanAndres;MagdalenaCauca;DirectosRioCaucaentreRioSanJuanyPtoValdivia;LA CIENAGA;Norte;Antioquia - Norte
13070440;VILLA MARCELA [13070440];-75,7188923;9,352223847;122;1556;57;(11-6);5;Cordoba;SanAntero;Caribe;LitoralDirectosCaribeGolfodeMorrosquillo;CERRO PETRONA;;Cordoba - 
25020490;SAN BENITO A VILLA [25020490];-75,03333291;8,933332569;22;1588;5;(10-7);9;Sucre;SanBenitoAbad;MagdalenaCauca;CaucaSanJorgeLaMojana;SIN DEFINIR;;Sucre - 
25020570;PALITO [25020570];-75,03333445;8,949999328;24;1587;29;(10-7);9;Sucre;SanBenitoAbad;MagdalenaCauca;CaucaSanJorgeLaMojana;SIN DEFINIR;;Sucre - 
25020760;SANTIAGO APOSTOL [25020760];-74,94055449;9,004723595;23;1587;89;(11-7);1;Sucre;SanBenitoAbad;MagdalenaCauca;CaucaSanJorgeLaMojana;SIN DEFINIR;;Sucre - 
13070010;LIMON EL [13070010];-75,93750443;9,336111791;5;1593;88;(11-5);13;Cordoba;SanBernardoDelViento;Caribe;BajoSinu;SIN DEFINIR;;Cordoba - 
13085030;SAN BERNARDO DEL VIENTO [13085030];-75,9500007;9,369996788;3;1594;93;(11-5);13;Cordoba;SanBernardoDelViento;Caribe;BajoSinu;SIN DEFINIR;;Cordoba - 
13070090;SAN CARLOS [13070090];-75,70138886;8,790553124;9;1592;96;(10-6);13;Cordoba;SanCarlos;Caribe;BajoSinu;;;Cordoba - 
13070100;SANTA ROSA [13070100];-75,60141326;8,741112809;111;1560;96;(10-6);13;Cordoba;SanCarlos;Caribe;BajoSinu;SANTA ROSA;;Cordoba - 
13070110;CARRIZAL [13070110];-75,75352982;8,681944842;23;1587;98;(10-5);28;Cordoba;SanCarlos;Caribe;BajoSinu;CIENAGITA;;Cordoba - 
13070120;CALLEMAR [13070120];-75,67777939;8,69749894;49;1579;95;(10-6);13;Cordoba;SanCarlos;Caribe;BajoSinu;TREMENTINO;;Cordoba - 
13070170;BUENOS AIRES 1 [13070170];-75,74972584;8,772776464;10;1591;81;(10-5);28;Cordoba;SanCarlos;Caribe;BajoSinu;EL HATO;;Cordoba - 
13070190;COROZA 2 [13070190];-75,76500008;8,80472513;9;1592;82;(10-5);28;Cordoba;SanCarlos;Caribe;BajoSinu;CORREGIMIENTO LOS VENADOS CAMPANITO;;Cordoba - 
23080490;SAN CARLOS [23080490];-74,98333033;6,200004033;1064;1289;33;(4-7);13;Antioquia;SanCarlos;MagdalenaCauca;RioNare;CañaVERAL;Oriente;Antioquia - Oriente
23080800;PATIO BONITO [23080800];-74,89999661;6,183331953;946;1320;36;(4-7);13;Antioquia;SanCarlos;MagdalenaCauca;RioNare;PATIO BONITO;Oriente;Antioquia - Oriente
23080810;JORDAN EL [23080810];-74,82811173;6,249497555;824;1352;66;(4-7);13;Antioquia;SanCarlos;MagdalenaCauca;RioNare;PARAGUAS;Oriente;Antioquia - Oriente
23080930;POPO EL [23080930];-74,98333033;6,200004033;1064;1289;20;(4-7);13;Antioquia;SanCarlos;MagdalenaCauca;RioNare;CañaVERAL;Oriente;Antioquia - Oriente
23085010;CALDERAS [23085010];-75,06666843;6,1499973;1578;1163;5;(4-7);13;Antioquia;SanCarlos;MagdalenaCauca;RioNare;HONDITA;Oriente;Antioquia - Oriente
23085130;SAN CARLOS [23085130];-74,98333033;6,200004033;1064;1289;11;(4-7);13;Antioquia;SanCarlos;MagdalenaCauca;RioNare;CañaVERAL;Oriente;Antioquia - Oriente
23085220;SAN CARLOS [23085220];-75,03891999;6,157664945;1135;1271;68;(4-7);13;Antioquia;SanCarlos;MagdalenaCauca;RioNare;DOSQUEBRADAS;Oriente;Antioquia - Oriente
23125070;SAN CAYETANO [23125070];-74,06666957;5,300002729;2142;1039;55;(2-9);6;Cundinamarca;SanCayetano;MagdalenaCauca;RioCarare(Minero);EL CENTRO;;Cundinamarca - 
23085140;SAN FRANCISCO [23085140];-75,10069243;5,963803651;1293;1231;87;(4-7);13;Antioquia;SanFrancisco;MagdalenaCauca;RioNare;;Oriente;Antioquia - Oriente
24020150;MAMONAL EL HACIENDA [24020150];-73,10616868;6,576665536;1382;1209;61;(5-11);13;Santander;SanGil;MagdalenaCauca;RioFonce;PALO BLANCO;;Santander - 
25020330;CAIMITAL [25020330];-74,56916961;8,366391358;51;1578;87;(9-8);16;Bolivar;SanJacintoDelCauca;MagdalenaCauca;CaucaSanJorgeLaMojana;CALMITAL;;Bolivar - 
25020410;CANDELARIA LA [25020410];-74,72874745;8,219448819;30;1585;95;(9-8);16;Bolivar;SanJacintoDelCauca;MagdalenaCauca;CaucaSanJorgeLaMojana;SIN DEFINIR;;Bolivar - 
25020420;VARAS LAS [25020420];-74,55999888;8,390000939;22;1588;64;(9-8);16;Bolivar;SanJacintoDelCauca;MagdalenaCauca;CaucaSanJorgeLaMojana;SIN DEFINIR;;Bolivar - 
25020510;ALPES LOS [25020510];-74,55000365;8,416662165;20;1588;34;(9-8);16;Bolivar;SanJacintoDelCauca;MagdalenaCauca;CaucaSanJorgeLaMojana;SIN DEFINIR;;Bolivar - 
25020810;ASTILLEROS [25020810];-74,60572254;8,2913289;27;1586;91;(9-8);16;Bolivar;SanJacintoDelCauca;MagdalenaCauca;CaucaSanJorgeLaMojana;GALINDO;;Bolivar - 
25021530;TALADRO EL [25021530];-74,73332915;8,266662455;31;1585;1;(9-8);16;Bolivar;SanJacintoDelCauca;MagdalenaCauca;CaucaSanJorgeLaMojana;SIN DEFINIR;;Bolivar - 
25025200;TALADRO EL [25025200];-74,73332915;8,266662455;31;1585;1;(9-8);16;Bolivar;SanJacintoDelCauca;MagdalenaCauca;CaucaSanJorgeLaMojana;SIN DEFINIR;;Bolivar - 
25027910;LA RAYA [25027910];-74,56122587;8,344559167;35;1583;81;(9-8);16;Bolivar;SanJacintoDelCauca;MagdalenaCauca;CaucaSanJorgeLaMojana;CALMITAL;;Bolivar - 
26230180;LLANOS DE SAN JUAN [26230180];-75,71775095;6,427000189;878;1338;55;(5-5);18;Antioquia;SanJeronimo;MagdalenaCauca;DirectosRioCaucaentreRioSanJuanyPtoValdivia;LAS ESTANCIAS;Occidente;Antioquia - Occidente
54020040;VALENCIA LA DIVISA [54020040];-76,29083375;4,903856882;413;1468;92;(2-4);4;Choco;SanJoseDelPalmar;Pacifico;RioTamanayotrosDirectosSanJuan;273077;;Choco - 
54020050;SINAI EL [54020050];-76,2069478;4,834333894;1805;1111;68;(1-4);1;Choco;SanJoseDelPalmar;Pacifico;RioTamanayotrosDirectosSanJuan;273077;;Choco - 
54025010;SAN JOSE PALMAR [54025010];-76,23235781;4,898079469;1081;1284;78;(2-4);4;Choco;SanJoseDelPalmar;Pacifico;RioTamanayotrosDirectosSanJuan;273077;;Choco - 
25010060;URE [25010060];-75,50911;7,871137391;61;1575;79;(8-6);10;Cordoba;SanJoseDeUre;MagdalenaCauca;CaucaAltoSanJorge;LA DORADA;;Cordoba - 
21230070;SAN JUAN D RIOSECO [21230070];-74,62283355;4,851275486;1335;1221;88;(1-8);10;Cundinamarca;SanJuanDeRioseco;MagdalenaCauca;RioSecoyotrosDirectosalMagdalena;;;Cundinamarca - 
12030010;SAN JUAN DE URABA [12030010];-76,53305737;8,755218269;20;1588;92;(10-4);5;Antioquia;SanJuanDeUraba;Caribe;LitoralRioMulatosyotrosdirectosalCaribe;;URABA;Antioquia - Urabá
25020160;SAN MARCOS [25020160];-75,13333584;8,633336729;15;1590;8;(10-7);9;Sucre;SanMarcos;MagdalenaCauca;CaucaSanJorgeLaMojana;SIN DEFINIR;;Sucre - 
25020740;EUREKA HACIENDA [25020740];-75,01471973;8,629167321;18;1589;83;(10-7);9;Sucre;SanMarcos;MagdalenaCauca;CaucaSanJorgeLaMojana;SIN DEFINIR;;Sucre - 
25021470;TORNO EL HACIENDA [25021470];-75,08972503;8,576388287;23;1587;66;(10-7);9;Sucre;SanMarcos;MagdalenaCauca;CaucaSanJorgeLaMojana;SIN DEFINIR;;Sucre - 
25021660;MIRASOL [25021660];-75,25722516;8,600835111;43;1581;53;(10-7);9;Sucre;SanMarcos;MagdalenaCauca;CaucaSanJorgeLaMojana;SIN DEFINIR;;Sucre - 
25025040;AEROPUERTO LA FLORIDA [25025040];-75,18333291;8,699997307;28;1586;32;(10-7);9;Sucre;SanMarcos;MagdalenaCauca;CaucaSanJorgeLaMojana;CañaCUATE;;Sucre - 
23190520;DORADA LA [23190520];-73,43972562;7,995553442;212;1528;82;(8-11);5;Cesar;SanMartin;MagdalenaCauca;RioLebrijayotrosdirectosalMagdalena;EL COBRE;;Cesar - 
23200060;SANTO DOMINGO [23200060];-73,94194346;7,670557959;59;1576;78;(8-9);5;Bolivar;SanPablo;MagdalenaCauca;DirectosalMagdalena(BrazoMorales);SANTO DOMINGO;;Bolivar - 
23200070;TIERRABUENA FINCA [23200070];-74,18333221;7,516670429;987;1309;28;(7-9);5;Bolivar;SanPablo;MagdalenaCauca;DirectosalMagdalena(BrazoMorales);SIN DEFINIR;;Bolivar - 
23205020;COL COOPERATIVO [23205020];-73,92555418;7,47499838;67;1573;84;(7-9);5;Bolivar;SanPablo;MagdalenaCauca;DirectosalMagdalena(BrazoMorales);;;Bolivar - 
23120080;BORBUR 1 [23120080];-74,06666699;5,650000949;601;1414;12;(3-9);15;Boyaca;SanPabloDeBorbur;MagdalenaCauca;RioCarare(Minero);ZONA URBANA;;Boyaca - 
23120250;BORBUR 2 [23120250];-74,0687257;5,649635225;655;1399;87;(3-9);15;Boyaca;SanPabloDeBorbur;MagdalenaCauca;RioCarare(Minero);ZONA URBANA;;Boyaca - 
25020450;MONTECRISANTO [25020440];-74,4333309;8,300000834;58;1576;13;(9-8);16;Sucre;SanPedro;MagdalenaCauca;CaucaSanJorgeLaMojana;SIN DEFINIR;;Sucre - 
13070030;SABANA NUEVA [13070030];-75,83333074;9,033333563;2;1594;50;(11-5);13;Cordoba;SanPelayo;Caribe;BajoSinu;BOCA LOPEZ;;Cordoba - 
13070180;CARRILLO [13070180];-75,83177693;8,984440247;10;1591;80;(11-5);13;Cordoba;SanPelayo;Caribe;BajoSinu;CAMPANITO;;Cordoba - 
13070200;COROCITO [13070200];-75,80000433;8,950002631;13;1590;45;(10-5);28;Cordoba;SanPelayo;Caribe;BajoSinu;EL TAPON;;Cordoba - 
13080010;SAN ANTONIO [13080010];-75,95332894;8,935860544;71;1572;97;(10-5);28;Cordoba;SanPelayo;Caribe;BajoSinu;GUAMA ARRIBA;;Cordoba - 
13080030;SAN ANTONIO [13080030];-75,98333634;8,933333856;91;1566;0;(10-5);28;Cordoba;SanPelayo;Caribe;BajoSinu;CORREGIMIENTO CUERO CURTIDO;;Cordoba - 
23080630;TOPACIO EL [23080630];-74,98332966;6,383336398;1212;1251;30;(5-7);20;Antioquia;SanRafael;MagdalenaCauca;RioNare;EL CERRO;Oriente;Antioquia - Oriente
23080730;TEJAR EL [23080730];-75,03333199;6,299997768;1107;1278;47;(5-7);20;Antioquia;SanRafael;MagdalenaCauca;RioNare;LA CUMBRE;Oriente;Antioquia - Oriente
23085210;VIOLETAS LAS [23085210];-75,00277828;6,348892439;1005;1304;54;(5-7);20;Antioquia;SanRafael;MagdalenaCauca;RioNare;LA LUZ;Oriente;Antioquia - Oriente
23080760;SAN ROQUE [23080760];-75,01700121;6,487504365;1428;1198;88;(5-7);20;Antioquia;SanRoque;MagdalenaCauca;RioNare;;Nordeste;Antioquia - Nordeste
23085080;GRANJA EXPERIOMENTAL EL NUS - AUT [23085080];-74,83669015;6,483585924;836;1349;87;(5-7);20;Antioquia;SanRoque;MagdalenaCauca;RioNare;LA ICA;Nordeste;Antioquia - Nordeste
26210130;GUASABRA [26210130];-75,95583078;6,503333546;2178;1031;87;(5-5);18;Antioquia;SantaFeDeAntioquia;MagdalenaCauca;DirectosRioCaucaentreRioSanJuanyPtoValdia;COLORADAS;Occidente;Antioquia - Occidente
26215020;CANAFISANTO [26215020];-75,81667056;6,41666648;500;1443;26;(5-5);18;Antioquia;SantaFeDeAntioquia;MagdalenaCauca;DirectosRioCaucaentreRioSanJuanyPtoValdivia;SAN NICOLAS;Occidente;Antioquia - Occidente
26220060;TUNAL EL [26220060];-75,83333544;6,58333356;692;1388;0;(5-5);18;Antioquia;SantaFeDeAntioquia;MagdalenaCauca;DirectosRioCaucaentreRioSanJuanyPtoValdia;KILOMETRO 2;Occidente;Antioquia - Occidente
26225030;COTOVE HACIENDA [26225030];-75,82733511;6,533915481;512;1439;78;(5-5);18;Antioquia;SantaFeDeAntioquia;MagdalenaCauca;DirectosRioCaucaentreRioSanJuanyPtoValdia;EL ESPINAL;Occidente;Antioquia - Occidente
26225060;HACIENDA COTOVE - AUT [26225060];-75,82733511;6,533915481;512;1439;7;(5-5);18;Antioquia;SantaFeDeAntioquia;MagdalenaCauca;DirectosRioCaucaentreRioSanJuanyPtoValdia;EL ESPINAL;Occidente;Antioquia - Occidente
21240040;SANTA ISABEL [21240040];-75,09999566;4,699997082;2063;1055;28;(1-7);23;Tolima;SantaIsabel;MagdalenaCauca;RioTotare(1-7);GUAIMARAL;;Tolima - 
21240110;BODEGA LA [21240110];-75,13892048;4,735611731;2647;939;60;(1-7);23;Tolima;SantaIsabel;MagdalenaCauca;RioLagunillayOtrosDirectosalMagdalena;LA YUCA;;Tolima - 
21245050;AFRICA ABAJO [21245050];-75,34999725;4,750000838;4032;712;0;(1-6);24;Tolima;SantaIsabel;MagdalenaCauca;RioTotare(1-6);TOTARITO;;Tolima - 
21245070;AFRICA LA LINEA [21245070];-75,38333239;4,766669331;4360;666;0;(1-6);24;Tolima;SantaIsabel;MagdalenaCauca;RioOtunyotrosdirectosalCauca;LA FLORIDA;;Tolima - 
21245090;ERMITA LA [21245090];-75,24999744;4,716665988;3103;857;29;(1-7);23;Tolima;SantaIsabel;MagdalenaCauca;RioTotare(1-7);LA ESTRELLA;;Tolima - 
21245100;TOTARITO [21245100];-75,26666383;4,716666025;3165;846;3;(1-6);24;Tolima;SantaIsabel;MagdalenaCauca;RioTotare(1-6);TOTARITO;;Tolima - 
21245120;ALTO PURIMA [21245120];-75,10000059;4,716665687;2239;1019;3;(1-7);23;Tolima;SantaIsabel;MagdalenaCauca;RioLagunillayOtrosDirectosalMagdalena;BUENAVISTA;;Tolima - 
21245140;SANTA ISABEL [21245140];-75,09445118;4,711861831;2255;1016;75;(1-7);23;Tolima;SantaIsabel;MagdalenaCauca;RioLagunillayOtrosDirectosalMagdalena;LA PAVAS;;Tolima - 
21255110;SANTA ISABEL [21255110];-75,13183073;4,701754429;2794;912;82;(1-7);23;Tolima;SantaIsabel;MagdalenaCauca;RioTotare(1-7);BOLIVAR;;Tolima - 
26130020;TERMALES [26130020];-75,55805931;4,844167127;1987;1071;95;(1-6);24;Risaralda;SantaRosaDeCabal;MagdalenaCauca;RioOtunyotrosdirectosalCauca;SAN RAMON;;Risaralda - 
26130170;POTREROS [26130170];-75,55805341;4,885558373;2111;1045;97;(1-6);24;Risaralda;SantaRosaDeCabal;MagdalenaCauca;RioOtunyotrosdirectosalCauca;POTREROS;;Risaralda - 
26130190;BOQUERON [26130190];-75,66666921;4,833332649;1462;1190;17;(1-6);24;Risaralda;SantaRosaDeCabal;MagdalenaCauca;RioOtunyotrosdirectosalCauca;;;Risaralda - 
26130540;PLAYA RICA [26130540];-75,59719763;4,756726338;1708;1133;52;(1-6);24;Risaralda;SantaRosaDeCabal;MagdalenaCauca;RioOtunyotrosdirectosalCauca;CEDRALITO;;Risaralda - 
26130550;BRISAS LAS HACIENDA [26130550];-75,51666916;4,73333641;2664;936;5;(1-6);24;Risaralda;SantaRosaDeCabal;MagdalenaCauca;RioOtunyotrosdirectosalCauca;UCUMARI_PNN_LOS NEVADOS;;Risaralda - 
26130560;PEZ FRESCO [26130560];-75,5755517;4,732721832;1855;1100;52;(1-6);24;Risaralda;SantaRosaDeCabal;MagdalenaCauca;RioOtunyotrosdirectosalCauca;PUENTE ALBAN;;Risaralda - 
26135110;VERACRUZ [26135110];-75,62780417;4,867640832;1679;1140;63;(1-6);24;Risaralda;SantaRosaDeCabal;MagdalenaCauca;RioOtunyotrosdirectosalCauca;;;Risaralda - 
26135150;MIRANDA LA [26135150];-75,54999613;4,850002169;2303;1006;2;(1-6);24;Risaralda;SantaRosaDeCabal;MagdalenaCauca;RioOtunyotrosdirectosalCauca;SAN RAMON;;Risaralda - 
26135160;SAN REMO [26135160];-75,57997033;4,841669855;1914;1087;57;(1-6);24;Risaralda;SantaRosaDeCabal;MagdalenaCauca;RioOtunyotrosdirectosalCauca;LA PALOMA;;Risaralda - 
26135170;BOQUERON EL [26135170];-75,38333587;4,783334708;4601;635;3;(1-6);24;Risaralda;SantaRosaDeCabal;MagdalenaCauca;RioOtunyotrosdirectosalCauca;LA FLORIDA;;Risaralda - 
26135230;PICO PARAMO SANTA R [26135230];-75,45000038;4,783334446;4127;698;0;(1-6);24;Risaralda;SantaRosaDeCabal;MagdalenaCauca;RioOtunyotrosdirectosalCauca;PARAMO STA. ROSA_PNN_LOS_NEVADOS_Z. CONSERV.;;Risaralda - 
23200020;CANELOS LOS [23200020];-74,16666402;7,866662783;1044;1294;9;(8-9);5;Bolivar;SantaRosaDelSur;MagdalenaCauca;DirectosalMagdalena(BrazoMorales);PALMAR BAJO;;Bolivar - 
23205030;SANTA ROSA D SIMITI [23205030];-74,05916772;7,965278347;641;1403;86;(8-9);5;Bolivar;SantaRosaDelSur;MagdalenaCauca;DirectosalMagdalena(BrazoMorales);;;Bolivar - 
23205050;CANELOS - AUT [23205050];-74,24097527;7,885412542;1055;1291;70;(8-9);5;Bolivar;SantaRosaDelSur;MagdalenaCauca;DirectosalMagdalena(BrazoMorales);SIN DEFINIR;;Bolivar - 
26255020;SANTA ISABEL [26255020];-75,56000083;6,780001907;2625;943;86;(6-6);14;Antioquia;SantaRosaDeOsos;MagdalenaCauca;RioPorce;EL CHAMIZO;Norte;Antioquia - Norte
27010840;SAN PABLO [27010840];-75,24653158;6,601999065;1948;1080;94;(5-7);20;Antioquia;SantaRosaDeOsos;MagdalenaCauca;RioPorce;SAN PABLO;Norte;Antioquia - Norte
27010880;MONTANITAS [27010880];-75,39221825;6,70286223;2617;945;98;(5-6);14;Antioquia;SantaRosaDeOsos;MagdalenaCauca;AltoNechi;EL VERGEL;Norte;Antioquia - Norte
27015110;ARAGON - [27015110];-75,55572313;6,780060623;2744;921;87;(6-6);14;Antioquia;SantaRosaDeOsos;MagdalenaCauca;RioPorce;EL CHAMIZO;Norte;Antioquia - Norte
23080390;SANTO DOMINGO [23080390];-75,16380651;6,468305496;1939;1082;83;(5-7);20;Antioquia;SantoDomingo;MagdalenaCauca;RioNare;;Nordeste;Antioquia - Nordeste
23080660;MORRO EL [23080660];-75,13333041;6,466670829;2056;1057;25;(5-7);20;Antioquia;SantoDomingo;MagdalenaCauca;RioNare;REYES;Nordeste;Antioquia - Nordeste
27015190;GUAYABITO [27015190];-75,14675328;6,540391517;1401;1205;98;(5-7);20;Antioquia;SantoDomingo;MagdalenaCauca;RioPorce;SANTIAGO;Nordeste;Antioquia - Nordeste
23080920;SANTUARIO [23080920];-75,27000365;6,130000873;2148;1038;55;(4-6);19;Antioquia;Santuario;MagdalenaCauca;RioNare;EL CARMELO;Oriente;Antioquia - Oriente
26145030;CAMELIA LA [26145030];-75,97000416;5,079997575;1678;1140;84;(2-5);17;Risaralda;Santuario;MagdalenaCauca;RioRisaralda;SIN DEFINIR;;Risaralda - 
23085160;CORRIENTES [23085160];-75,25355854;6,311942858;1952;1079;81;(5-7);20;Antioquia;SanVicente;MagdalenaCauca;RioNare;CORRIENTES;Oriente;Antioquia - Oriente
24050060;SAN VICENTE [24050060];-73,41083008;6,872778419;724;1380;100;(6-11);27;Santander;SanVicenteDeChucuri;MagdalenaCauca;RioSogamoso;MERIDA;;Santander - 
24050070;PUTANA LA [24050070];-73,52055591;7,127162994;148;1548;90;(6-10);5;Santander;SanVicenteDeChucuri;MagdalenaCauca;RioSogamoso;CASA DE BARRO;;Santander - 
24050110;ALBANIA [24050110];-73,63222187;6,911946189;203;1531;90;(6-10);5;Santander;SanVicenteDeChucuri;MagdalenaCauca;RioSogamoso;ALBANIA;;Santander - 
23060290;SILENCIO EL [23060290];-74,41205629;4,973167197;1370;1212;67;(2-8);12;Cundinamarca;Sasaima;MagdalenaCauca;RioNegro;LA GRANJA;;Cundinamarca - 
27011100;BRISAS LAS [27011100];-74,82183215;7,158807727;608;1412;67;(6-7);10;Antioquia;Segovia;MagdalenaCauca;RioPorce;MATA;Nordeste;Antioquia - Nordeste
27030140;PALMA DE COCO LA [27030140];-74,80794735;7,23610778;199;1532;88;(7-8);6;Antioquia;Segovia;MagdalenaCauca;BajoNechi(md);LAURELES;Nordeste;Antioquia - Nordeste
27030230;MONTEVERDE [27030230];-74,65000306;7,349997287;404;1471;1;(7-8);6;Antioquia;Segovia;MagdalenaCauca;BajoNechi(md);SANTA ISABEL;Nordeste;Antioquia - Nordeste
27035020;BOQUETE EL [27035020];-74,6500033;7,133331473;537;1432;7;(6-8);8;Antioquia;Segovia;MagdalenaCauca;BajoNechi(md);RIO BAGRE;Nordeste;Antioquia - Nordeste
23140060;MELITOSA LA [23140060];-73,79999615;6,633334565;120;1557;8;(5-10);5;Santander;Simacota;MagdalenaCauca;RioOpon;LA MILITOSA;;Santander - 
23147020;PUENTE FERROCARRIL [23147020];-73,9350016;6,773612872;88;1567;77;(6-9);4;Santander;Simacota;MagdalenaCauca;RioOpon;PUENTE OPON;;Santander - 
24010660;SIMACOTA [24010660];-73,33389111;6,443608408;1053;1292;90;(5-11);13;Santander;Simacota;MagdalenaCauca;RioSuarez;;;Santander - 
24010150;SIMIJACA [24010150];-73,86369862;5,511308447;2626;943;93;(3-10);3;Cundinamarca;Simijaca;MagdalenaCauca;RioSuarez;SALITRE;;Cundinamarca - 
24011010;SIMIJACA [24011010];-73,84999659;5,616668711;2701;929;2;(3-10);3;Cundinamarca;Simijaca;MagdalenaCauca;RioSuarez;RESGUARDO;;Cundinamarca - 
23200010;SIMITI [23200010];-73,95055288;7,9602756;40;1582;89;(8-9);5;Bolivar;Simiti;MagdalenaCauca;DirectosalMagdalena(BrazoMorales);CIENAGA DE SIMITI;;Bolivar - 
24010780;SOCORRO [24010780];-73,26666656;6,433331305;1341;1219;10;(5-11);13;Santander;Socorro;MagdalenaCauca;RioSuarez;BARIRI;;Santander - 
24015370;HACIENDA MAJAVITA UL [24015370];-73,24858257;6,471801661;1373;1212;6;(5-11);13;Santander;Socorro;MagdalenaCauca;RioSuarez;ALTO DE CHOCHOS;;Santander - 
23050100;SAN MIGUEL [23050100];-74,7260803;5,730752415;170;1541;77;(3-8);10;Antioquia;Sonson;MagdalenaCauca;RioLaMiel(Samana);SAN MIGUEL;Oriente;Antioquia - Oriente
23070010;CLARO DE LUNA [23070010];-74,76203188;5,86141789;321;1495;54;(4-8);6;Antioquia;Sonson;MagdalenaCauca;DirectosMagdalenaMedioentreRiosLaMielyNare;PARCELAS;Oriente;Antioquia - Oriente
23070020;RIO CLARO [23070020];-74,84835761;5,855531541;413;1468;66;(4-7);13;Antioquia;Sonson;MagdalenaCauca;DirectosMagdalenaMedioentreRiosLaMielyNare;LA DANTA;Oriente;Antioquia - Oriente
26180180;SONSON [26180180];-75,29449992;5,715247134;2378;991;99;(3-6);20;Antioquia;Sonson;MagdalenaCauca;RioArma;RIO ARRIBA;Oriente;Antioquia - Oriente
26235020;VEGA LA-TAB RUBIOS [26235020];-75,80000088;6,533336198;447;1458;14;(5-5);18;Antioquia;Sopetran;MagdalenaCauca;DirectosRioCaucaentreRioSanJuanyPtoValdivia;EL RODEO;Occidente;Antioquia - Occidente
24010670;SUCRE [24010670];-73,79638674;5,919718998;2321;1002;88;(4-10);8;Santander;Sucre;MagdalenaCauca;RioSuarez;CUCHINA II;;Santander - 
25020500;VILLA CECILIA HACIENDA [25020500];-74,72944667;8,81611557;12;1591;97;(10-8);14;Sucre;Sucre;MagdalenaCauca;CaucaSanJorgeLaMojana;SAN JOSE;;Sucre - 
25021360;CAMPO ALEGRE [25021360];-74,7119454;8,924725498;11;1591;90;(10-8);14;Sucre;Sucre;MagdalenaCauca;CaucaSanJorgeLaMojana;FUNDACION;;Sucre - 
25021370;SAN LUIS [25021370];-74,7080526;8,881662544;20;1588;85;(10-8);14;Sucre;Sucre;MagdalenaCauca;CaucaSanJorgeLaMojana;SIN DEFINIR;;Sucre - 
25021560;ISLA DEL COCO [25021560];-74,79861099;8,902780885;12;1591;87;(10-8);14;Sucre;Sucre;MagdalenaCauca;CaucaSanJorgeLaMojana;SIN DEFINIR;;Sucre - 
25027110;SUCRE [25027110];-74,72222435;8,809717835;12;1591;0;(10-8);14;Sucre;Sucre;MagdalenaCauca;CaucaSanJorgeLaMojana;QUITASUEÑO;;Sucre - 
26170160;NACIONAL LA GRANJA [26170160];-75,71666302;5,716668115;1829;1106;15;(3-5);11;Antioquia;Tamesis;MagdalenaCauca;RioFRioyOtrosDirectosalCauca;LA ALACENA;SUROESTE;Antioquia - Suroeste
26175030;NACIONAL GRANJA LA [26175030];-75,69091764;5,717331839;1133;1271;83;(3-6);20;Antioquia;Tamesis;MagdalenaCauca;RioFRioyOtrosDirectosalCauca;EL LIBANO;SUROESTE;Antioquia - Suroeste
26240070;ALTO EL MUNECO [26240070];-75,4166671;7,600001985;139;1551;21;(7-6);13;Antioquia;Taraza;MagdalenaCauca;RioTarazaRioMan;EL GUAIMARO;Bajo Cauca;Antioquia - Bajo Cauca
26240080;HOYO RICO [26240080];-75,44999826;7,383329083;903;1331;23;(7-6);13;Antioquia;Taraza;MagdalenaCauca;RioTarazaRioMan;AREA SIN LEVANTAR;Bajo Cauca;Antioquia - Bajo Cauca
26240170;PLAYALTA [26240170];-75,44855137;7,562554895;132;1553;70;(7-6);13;Antioquia;Taraza;MagdalenaCauca;RioTarazaRioMan;CHUCHUI;Bajo Cauca;Antioquia - Bajo Cauca
26245030;TARAZA [26245030];-75,40000072;7,583331292;94;1565;9;(7-6);13;Antioquia;Taraza;MagdalenaCauca;RioTarazaRioMan;;Bajo Cauca;Antioquia - Bajo Cauca
26250110;BARRO BLANCO [26250110];-75,26438507;7,474110805;190;1535;71;(7-7);8;Antioquia;Taraza;MagdalenaCauca;DirectosalCaucaentrePtoValdiviayRioNechi;BARRO BLANCO;Bajo Cauca;Antioquia - Bajo Cauca
27020280;MARGARITAS LAS [27020280];-75,26667085;7,249997571;748;1373;15;(7-6);13;Antioquia;Taraza;MagdalenaCauca;AltoNechi;TAHAMI;Bajo Cauca;Antioquia - Bajo Cauca
13010010;MOLINILLO [13010010];-76,04999611;7,683336222;183;1537;14;(8-5);2;Cordoba;Tierralta;Caribe;AltoSinuUrra;EL PARAISO (PNN);;Cordoba - 
13010020;TUCURA [13010020];-76,2666654;7,933330439;130;1554;7;(8-4);15;Cordoba;Tierralta;Caribe;AltoSinuUrra;JAMAICA;;Cordoba - 
13010040;FLECHA LA [13010040];-75,9666685;7,63333718;268;1511;14;(8-5);2;Cordoba;Tierralta;Caribe;AltoSinuUrra;EL PARAISO (PNN);;Cordoba - 
13015010;URRA 2 [13015010];-76,20000357;7,733331291;220;1526;10;(8-4);15;Cordoba;Tierralta;Caribe;AltoSinuUrra;RESG. ALTO SINU - ESMERALDA CRUZ GRANDE E IWAGA;;Cordoba - 
13015020;TUCURA [13015020];-76,24999937;7,966665014;116;1558;7;(8-4);15;Cordoba;Tierralta;Caribe;AltoSinuUrra;REPRESA DE URRA;;Cordoba - 
13015030;CAMPO BELLO [13015030];-76,23333608;7,983329911;116;1558;36;(8-4);15;Cordoba;Tierralta;Caribe;AltoSinuUrra;REPRESA DE URRA;;Cordoba - 
13015040;REPRESA URRA [13015040];-76,20305888;8,014168835;132;1553;31;(8-4);15;Cordoba;Tierralta;Caribe;MedioSinu;ANGOSTURA;;Cordoba - 
13020020;CIELO EL [13020020];-76,41667102;7,916668726;711;1383;42;(8-4);15;Cordoba;Tierralta;Caribe;AltoSinuUrra;NAIN;;Cordoba - 
13020040;SAIZA [13020040];-76,48333372;7,70000116;1515;1178;19;(8-4);15;Cordoba;Tierralta;Caribe;AltoSinuUrra;LA ESTRELLA;;Cordoba - 
13025020;ESMERALDA LA [13025020];-76,24999778;7,833333755;243;1519;2;(8-4);15;Cordoba;Tierralta;Caribe;AltoSinuUrra;RESG. ALTO SINU - ESMERALDA CRUZ GRANDE E IWAGA;;Cordoba - 
13025030;DESPENSA LA [13025030];-76,29999708;7,883331398;206;1530;47;(8-4);15;Cordoba;Tierralta;Caribe;AltoSinuUrra;NAIN;;Cordoba - 
13030010;TIERRALTA [13030010];-76,05305898;8,186662288;48;1579;95;(9-5);10;Cordoba;Tierralta;Caribe;MedioSinu;CABECERA;;Cordoba - 
13035010;PUERTO NUEVO [13035010];-76,28333663;7,95000393;116;1558;33;(8-4);15;Cordoba;Tierralta;Caribe;AltoSinuUrra;REPRESA DE URRA;;Cordoba - 
13040010;QUIMARI [13040010];-76,3333317;8,066663612;185;1537;49;(9-4);2;Cordoba;Tierralta;Caribe;AltoSinuUrra;GUASIMO;;Cordoba - 
13060030;CARAMELO [13060030];-75,90388484;8,266112765;53;1578;95;(9-5);10;Cordoba;Tierralta;Caribe;MedioSinu;CARAMELO;;Cordoba - 
25021320;EL SUDAN [25021320];-74,20999962;8,639995954;39;1582;83;(10-9);3;Bolivar;Tiquisio(PuertoRico);MagdalenaCauca;CaucaSanJorgeDirectosBajoCaucaCgaLaRayaRioNechi;EL SUDAN;;Bolivar - 
26200120;OTRAMINA [26200120];-75,79458739;6,07294225;1381;1210;97;(4-5);12;Antioquia;Titiribi;MagdalenaCauca;DirectosRioCaucaentreRioSanJuanyPtoValdivia;SITIO VIEJO;SUROESTE;Antioquia - Suroeste
26235030;MATANZAS [26235030];-75,66594696;7,035834154;540;1431;87;(6-6);14;Antioquia;Toledo;MagdalenaCauca;DirectosRioCaucaentreRioSanJuanyPtoValdivia;MIRAFLORES;Norte;Antioquia - Norte
23190410;BRASIL EL [23190410];-73,01667102;7,149998148;1882;1094;4;(6-11);27;Santander;Tona;MagdalenaCauca;RioLebrijayotrosdirectosalMagdalena;CARAGUA;;Santander - 
23190690;MARIANA LA HACIENDA [23190690];-73;7,116669015;2674;934;0;(6-12);2;Santander;Tona;MagdalenaCauca;RioLebrijayotrosdirectosalMagdalena;GUAUMALES;;Santander - 
23195060;MARIANA LA [23195060];-73;7,116669015;2674;934;11;(6-12);2;Santander;Tona;MagdalenaCauca;RioLebrijayotrosdirectosalMagdalena;GUAUMALES;;Santander - 
26110070;SAN ANTONIO [26110070];-76,06666889;4,616666209;933;1323;58;(1-5);14;ValledelCauca;Toro;MagdalenaCauca;RiosPescadorRUTChancoCatarinayCañaveral;EL BOHIO;;ValledelCauca - 
26110160;SAN FRANCISCO [26110160];-76,03572587;4,684862497;945;1320;93;(1-5);14;ValledelCauca;Toro;MagdalenaCauca;RiosPescadorRUTChancoCatarinayCañaveral;SAN FRANCISCO;;ValledelCauca - 
26110300;CEROS [26110300];-76,03444169;4,616389189;907;1330;78;(1-5);14;ValledelCauca;Toro;MagdalenaCauca;RiosPescadorRUTChancoCatarinayCañaveral;EL BOHIO;;ValledelCauca - 
11140010;MARIRRIO [11140010];-76,95000428;8,000000001;11;1591;3;(8-3);18;Antioquia;Turbo;Caribe;DarienDirectosBajoAtratoentreRioSucioydesembocadura;LEONCITO;URABA;Antioquia - Urabá
12010010;TORMENTO EL [12010010];-76,85527719;7,76638536;1;1594;92;(8-3);18;Antioquia;Turbo;Caribe;LitoralRioLeon;LOS MANGOS MEDIOS;URABA;Antioquia - Urabá
12010100;EUPOL [12010100];-76,61738789;7,945529218;30;1585;78;(8-4);15;Antioquia;Turbo;Caribe;LitoralRioLeon;AGUAS FRIAS;URABA;Antioquia - Urabá
12010110;PRADO MAR [12010110];-76,63853114;7,987413348;26;1586;84;(8-3);18;Antioquia;Turbo;Caribe;LitoralRioMulatosyotrosdirectosalCaribe;COMUNAL LA SUERTE;URABA;Antioquia - Urabá
12010120;SANTA MARTHA [12010120];-76,6490848;7,923829281;20;1588;84;(8-3);18;Antioquia;Turbo;Caribe;LitoralRioLeon;PALOS BLANCOS;URABA;Antioquia - Urabá
12010140;RIOGRANDE [12010140];-76,63333371;7,933332813;27;1586;8;(8-3);18;Antioquia;Turbo;Caribe;LitoralRioLeon;COMUNAL LA SUERTE;URABA;Antioquia - Urabá
12010170;NUEVO Oriente [12010170];-76,68955795;7,460330546;21;1588;41;(7-3);4;Antioquia;Turbo;Caribe;DarienDirectosBajoAtratoentreRioSucioydesembocadura;NUEVA ESPERANZA;URABA;Antioquia - Urabá
12010180;CHOROMANDO HACIENDA [12010180];-76,58333557;7,949997319;295;1503;24;(8-4);15;Antioquia;Turbo;Caribe;LitoralRioLeon;AGUAS FRIAS;URABA;Antioquia - Urabá
12015040;NEGRA LA 1 [12015040];-76,68333259;7,949997832;9;1592;1;(8-3);18;Antioquia;Turbo;Caribe;LitoralRioLeon;COMUNAL SAN JORGE;URABA;Antioquia - Urabá
12015050;RIOGRANDE [12015050];-76,63333232;7,916669535;22;1588;19;(8-3);18;Antioquia;Turbo;Caribe;LitoralRioLeon;VEREDA BAJO DEL OSO;URABA;Antioquia - Urabá
12020010;PUEBLO BELLO [12020010];-76,51999761;8,199993663;135;1552;95;(9-4);2;Antioquia;Turbo;Caribe;LitoralRioMulatosyotrosdirectosalCaribe;MONO MACHO;URABA;Antioquia - Urabá
12020040;NUEVA ANTIOQUIA [12020040];-76,55000023;8,050001215;192;1534;17;(8-4);15;Antioquia;Turbo;Caribe;LitoralRioMulatosyotrosdirectosalCaribe;BOCA LIMON;URABA;Antioquia - Urabá
12020170;PLAYONA LA [12020170];-76,64999787;8,183329473;447;1458;12;(9-3);7;Antioquia;Turbo;Caribe;LitoralRioMulatosyotrosdirectosalCaribe;EL CAHUAL;URABA;Antioquia - Urabá
12025010;AEROPUERTO GONZALO [12025010];-76,73332981;8,116671003;5;1593;26;(9-3);7;Antioquia;Turbo;Caribe;LitoralRioMulatosyotrosdirectosalCaribe;BOCAS DEL RIO TURBO;URABA;Antioquia - Urabá
12025040;TURBO - AUT [12025040];-76,71633628;8,091802501;9;1592;45;(9-3);7;Antioquia;Turbo;Caribe;Litoral;;URABA;Antioquia - Urabá
11135030;UNGUIA - AUT [11135030];-77,08785839;8,036722815;10;1591;89;(8-2);3;Choco;Unguia;Caribe;DarienRioTanelayotrosDirectosalCaribe;UNGUIA;;Choco - 
11150010;TITUMATE [11150010];-77,0758355;8,308058303;11;1591;87;(9-3);7;Choco;Unguia;Caribe;DarienRioToloyotrosDirectosalCaribe;TITUMATE;;Choco - 
11150020;TANELA [11150020];-77,04041984;8,162916978;14;1590;87;(9-3);7;Choco;Unguia;Caribe;DarienRioTanelayotrosDirectosalCaribe;SANTA MARIA;;Choco - 
11155020;GLORIA LA [11155020];-77,06666387;8,266663872;129;1554;3;(9-3);7;Choco;Unguia;Caribe;DarienRioTanelayotrosDirectosalCaribe;TITUMATE;;Choco - 
11070020;ROBLE EL [11070020];-76,22861033;6,33221791;1475;1187;85;(5-4);2;Antioquia;Urrao;Caribe;DarienRioMurri;CROBUGO MEDIO;SUROESTE;Antioquia - Suroeste
11070030;CLARITA LA [11070030];-76,15860691;6,539444698;2311;1004;83;(5-5);18;Antioquia;Urrao;Caribe;DarienRioMurri;LA CLARA;SUROESTE;Antioquia - Suroeste
11070040;URRAO [11070040];-76,1666622;6,333331774;2167;1034;6;(5-4);2;Antioquia;Urrao;Caribe;DarienRioMurri;LA FLORIDA;SUROESTE;Antioquia - Suroeste
11070130;BRECHON EL [11070130];-76,03333522;6,133335832;2097;1048;56;(4-5);12;Antioquia;Urrao;Caribe;DarienRioMurri;PENDERISON ARRIBA;SUROESTE;Antioquia - Suroeste
11075010;HONDA LA [11075010];-76,15805106;6,356390775;1820;1108;38;(5-5);18;Antioquia;Urrao;Caribe;DarienRioMurri;LA VENTA;SUROESTE;Antioquia - Suroeste
11075020;URRAO [11075020];-76,14330241;6,298303986;1887;1093;83;(5-5);18;Antioquia;Urrao;Caribe;DarienRioMurri;LA MAGDALENA;SUROESTE;Antioquia - Suroeste
23060190;UTICA [23060190];-74,4855038;5,196082695;491;1445;86;(2-8);12;Cundinamarca;Utica;MagdalenaCauca;RioNegro;;;Cundinamarca - 
26240120;PUERTO VALDIVIA [26240120];-75,43333297;7,300003323;960;1316;20;(7-6);13;Antioquia;Valdivia;MagdalenaCauca;RioTarazaRioMan;LA AMERICA;Norte;Antioquia - Norte
26240150;PUERTO VALDIVIA [26240150];-75,40000081;7,290000806;294;1503;73;(7-6);13;Antioquia;Valdivia;MagdalenaCauca;DirectosRioCaucaentreRioSanJuanyPtoValdia;MONTEFRIO;Norte;Antioquia - Norte
26250060;PUERTO RAUDAL [26250060];-75,32760877;7,369914493;139;1551;87;(7-6);13;Antioquia;Valdivia;MagdalenaCauca;RioTarazaRioMan;PUERTO RAUDAL;Norte;Antioquia - Norte
27020260;TESORO EL [27020260];-75,30219656;7,246780741;1036;1296;79;(7-6);13;Antioquia;Valdivia;MagdalenaCauca;AltoNechi;LOS POMOS;Norte;Antioquia - Norte
13040030;PEZVAL [13040030];-76,16916702;8,262218134;69;1573;55;(9-5);10;Cordoba;Valencia;Caribe;MedioSinu;INCORA EL FARO;;Cordoba - 
13045010;JARAGUAY [13045010];-76,08333251;8,300001809;35;1583;27;(9-5);10;Cordoba;Valencia;Caribe;MedioSinu;PESCADO ABAJO;;Cordoba - 
23100030;TIGRE EL [23100030];-74,78566462;6,840473782;977;1311;98;(6-8);8;Antioquia;Vegachi;MagdalenaCauca;RioSanBartoloyotrosdirectosalMagdalenaMedio;VEREDA SAN JUAN;Nordeste;Antioquia - Nordeste
23105030;VEGACHI [23105030];-74,79653123;6,774113144;981;1310;82;(6-8);8;Antioquia;Vegachi;MagdalenaCauca;RioSanBartoloyotrosdirectosalMagdalenaMedio;;Nordeste;Antioquia - Nordeste
23120090;LANDAZURI [23120090];-73,81667059;6,216669129;920;1326;10;(4-10);8;Santander;Velez;MagdalenaCauca;RioCarare(Minero);AGUACHICA;;Santander - 
24015270;VELEZ GRANJA [24015270];-73,67277594;5,997218342;2126;1042;94;(4-10);8;Santander;Velez;MagdalenaCauca;RioSuarez;;;Santander - 
21250100;ESTRELLA LA [21250100];-74,89869656;4,76183016;410;1469;58;(1-7);23;Tolima;Venadillo;MagdalenaCauca;RioLagunillayOtrosDirectosalMagdalena;COFRADIA DE GALLEGO;;Tolima - 
21250460;VENADILLO [21250460];-74,91774971;4,663807783;372;1480;85;(1-7);23;Tolima;Venadillo;MagdalenaCauca;RioLagunillayOtrosDirectosalMagdalena;PALMAROSA;;Tolima - 
26200130;BOLOMBOLO [26200130];-75,83999678;5,969995536;532;1434;79;(4-5);12;Antioquia;Venecia;MagdalenaCauca;DirectosRioCaucaentreRioSanJuanyPtoValdivia;BOLOMBOLO;SUROESTE;Antioquia - Suroeste
26205070;PLATA LA [26205070];-75,81666392;5,983330861;749;1373;18;(4-5);12;Antioquia;Venecia;MagdalenaCauca;DirectosRioCaucaentreRioSanJuanyPtoValdivia;BOLOMBOLO;SUROESTE;Antioquia - Suroeste
23020100;VICTORIA LA [23020100];-74,91464309;5,321079342;779;1364;88;(2-7);24;Caldas;Victoria;MagdalenaCauca;RioGuarino;;;Caldas - 
23040070;CANAVERAL [23040070];-74,94197256;5,328419766;1061;1290;86;(2-7);24;Caldas;Victoria;MagdalenaCauca;RioLaMiel(Samana);CañaVERAL;;Caldas - 
23050070;NORCASIA [23050070];-74,71666521;5,566667365;181;1538;18;(3-8);10;Caldas;Victoria;MagdalenaCauca;DirectosMagdalenaentreRiosGuarinoyLaMiel;ISAZA;;Caldas - 
11060010;BUCHADO [11060010];-76,77928065;6,420003993;14;1590;99;(5-3);4;Antioquia;VigiaDelFuerte;Caribe;DarienDirectosAtratoentreRiosBebaramayMurri(md);BUCHADO;URABA;Antioquia - Urabá
11077030;PLAYA LA [11077030];-76,74999564;6,616665676;29;1585;61;(5-3);4;Antioquia;VigiaDelFuerte;Caribe;DarienRioMurri;VUELTA CORTADA;URABA;Antioquia - Urabá
23125150;VILLAGOMEZ [23125150];-74,19677483;5,271751498;1696;1136;41;(2-9);6;Cundinamarca;Villagomez;MagdalenaCauca;RioCarare(Minero);;;Cundinamarca - 
21250120;VILLAHERMOSA [21250120];-75,11760725;5,016850801;2109;1046;62;(2-7);24;Tolima;Villahermosa;MagdalenaCauca;RioLagunillayOtrosDirectosalMagdalena;SIN DEFINIR;;Tolima - 
21250170;BOQUERON [21250170];-75,25277635;4,903890568;3780;748;48;(2-7);24;Tolima;Villahermosa;MagdalenaCauca;RioLagunillayOtrosDirectosalMagdalena;SIN DEFINIR;;Tolima - 
21255120;VILLAHERMOSA [21255120];-75,11760725;5,016850801;2109;1046;80;(2-7);24;Tolima;Villahermosa;MagdalenaCauca;RioLagunillayOtrosDirectosalMagdalena;SIN DEFINIR;;Tolima - 
26150150;PAPAYAL [26150150];-75,4897189;4,951667068;2241;1018;94;(2-6);13;Caldas;Villamaria;MagdalenaCauca;RioChinchina;PAPAYAL;;Caldas - 
26155150;LAS BRISAS - AUT [26155150];-75,35039116;4,934525483;4106;701;63;(2-6);13;Caldas;Villamaria;MagdalenaCauca;RioGuali;LA PALMA;;Caldas - 
23065200;TRAPICHE EL [23065200];-74,50391837;5,028196801;1072;1287;9;(2-8);12;Cundinamarca;Villeta;MagdalenaCauca;RioNegro;LA MASATA;;Cundinamarca - 
26145010;CECILIA LA [26145010];-75,88333044;5,066670026;995;1307;5;(2-5);17;Caldas;Viterbo;MagdalenaCauca;RioRisaralda;CANAN;;Caldas - 
26145050;SAMARIA LA [26145050];-75,88333775;5,05000231;982;1310;35;(2-5);17;Caldas;Viterbo;MagdalenaCauca;RioRisaralda;SECTOR VALLE DE RISARALDA;;Caldas - 
23060090;YACOPI [23060090];-74,36666741;5,499997784;793;1361;10;(3-8);10;Cundinamarca;Yacopi;MagdalenaCauca;RioNegro;CABO VERDE BAJO;;Cundinamarca - 
23065110;YACOPI - AUT [23065110];-74,35458679;5,484164893;1309;1227;83;(3-9);15;Cundinamarca;Yacopi;MagdalenaCauca;RioNegro;EL UBE;;Cundinamarca - 
27020190;YARUMAL [27020190];-75,41555563;6,955972101;2185;1030;93;(6-6);14;Antioquia;Yarumal;MagdalenaCauca;AltoNechi;;Norte;Antioquia - Norte
27020200;CEDENO [27020200];-75,35558626;7,070720449;1582;1162;96;(6-6);14;Antioquia;Yarumal;MagdalenaCauca;AltoNechi;CEDEÑO;Norte;Antioquia - Norte
27020220;LLANOS D CUIBA LOS [27020220];-75,4838637;6,813615556;2747;920;97;(6-6);14;Antioquia;Yarumal;MagdalenaCauca;AltoNechi;LLANOS DE CUIVA;Norte;Antioquia - Norte
23100040;YOLOMBO [23100040];-75,01091764;6,594278309;1445;1194;87;(5-7);20;Antioquia;Yolombo;MagdalenaCauca;RioSanBartoloyotrosdirectosalMagdalenaMedio;;Nordeste;Antioquia - Nordeste
27010860;NORMANDIA HACIENDA [27010860];-75,11667003;6,700004313;951;1318;20;(5-7);20;Antioquia;Yolombo;MagdalenaCauca;RioPorce;GUACABE;Nordeste;Antioquia - Nordeste
27011230;SAN ANTONIO [27011230];-75,15166611;6,620830419;1026;1299;39;(5-7);20;Antioquia;Yolombo;MagdalenaCauca;RioPorce;EL PICHON;Nordeste;Antioquia - Nordeste
27015200;NORMANDIA HACIENDA [27015200];-75,11666984;6,783332395;967;1314;21;(6-7);10;Antioquia;Yolombo;MagdalenaCauca;RioPorce;GARZON;Norte;Antioquia - Norte
23100070;RAMBLAS [23100070];-74,37083609;6,642779215;104;1562;60;(5-8);9;Antioquia;Yondo(Casabe);MagdalenaCauca;RioSanBartoloyotrosdirectosalMagdalenaMedio;SANTA CLARA;Magdalena medio;Antioquia - Magdalena medio
23100080;SANTA CLARA [23100080];-74,31666525;6,650001243;92;1565;29;(5-9);8;Antioquia;Yondo(Casabe);MagdalenaCauca;RioCimitarrayotrosdirectosalMagdalena;SANTA CLARA;Magdalena medio;Antioquia - Magdalena medio
23105020;AMPARO EL [23105020];-74,40000257;6,733331042;138;1551;4;(6-8);8;Antioquia;Yondo(Casabe);MagdalenaCauca;RioSanBartoloyotrosdirectosalMagdalenaMedio;SAN BARTOLO;Magdalena medio;Antioquia - Magdalena medio
23160010;YONDO [23160010];-73,94416598;7,089448024;70;1572;88;(6-9);4;Antioquia;Yondo(Casabe);MagdalenaCauca;RioCimitarrayotrosdirectosalMagdalena;SAN MIGUEL DEL TIGRE;Magdalena medio;Antioquia - Magdalena medio
24050100;FUENTE LA [24050100];-73,2798923;6,707247776;736;1376;91;(5-11);13;Santander;Zapatoca;MagdalenaCauca;RioSuarez;LA PEÑA;;Santander - 
24055030;ZAPATOCA [24055030];-73,28274797;6,792773644;1822;1107;88;(6-11);27;Santander;Zapatoca;MagdalenaCauca;RioSogamoso;LAS PUENTES;;Santander - 
27030030;ZARAGOZA [27030030];-74,87238979;7,486223823;80;1569;2;(7-7);8;Antioquia;Zaragoza;MagdalenaCauca;BajoNechi(md);;Bajo Cauca;Antioquia - Bajo Cauca
27030090;BOSQUE EL [27030090];-74,83933562;7,319304003;199;1532;98;(7-7);8;Antioquia;Zaragoza;MagdalenaCauca;RioPorce;EL SALTILLO;Bajo Cauca;Antioquia - Bajo Cauca
27030210;ZARAGOZA [27030210];-74,87238979;7,486223823;80;1569;97;(7-7);8;Antioquia;Zaragoza;MagdalenaCauca;BajoNechi(md);;Bajo Cauca;Antioquia - Bajo Cauca
27035010;MONTES NEGROS [27035010];-74,71666339;7,500001311;166;1542;5;(7-8);6;Antioquia;Zaragoza;MagdalenaCauca;BajoNechi(md);LA BONGA;Bajo Cauca;Antioquia - Bajo Cauca
27040020;ALTO DEL INDIO [27040020];-74,95275395;7,530996752;102;1562;91;(7-7);8;Antioquia;Zaragoza;MagdalenaCauca;DirectosalBajoNechi(mi);MAESTRO ESTEBAN OCCIDENTAL;Bajo Cauca;Antioquia - Bajo Cauca
